datetime,high,open,close,low,volume,signals,trade_type
2019-09-08,10412.65,10000.0,10391.63,10000.0,3096.291,0,
2019-09-09,10475.54,10316.62,10307.0,10077.22,14824.373,0,
2019-09-10,10382.97,10307.0,10102.02,9940.87,9068.955,0,
2019-09-11,10293.11,10094.27,10159.55,9884.31,10897.922,0,
2019-09-12,10450.13,10163.06,10415.13,10042.12,15609.634,0,
2019-09-13,10440.55,10414.96,10341.34,10153.51,19252.721,0,
2019-09-14,10419.97,10343.01,10332.25,10222.77,20656.624,0,
2019-09-15,10359.2,10333.47,10302.22,10024.81,20536.255,0,
2019-09-16,10353.81,10302.0,10249.27,10080.7,20185.637,0,
2019-09-17,10270.63,10257.3,10186.52,10136.77,22519.607,0,
2019-09-18,10256.65,10183.87,10155.16,10097.92,20832.895,0,
2019-09-19,10331.62,10154.7,10245.3,9530.02,26228.754,0,
2019-09-20,10279.3,10247.7,10166.35,10070.5,23265.91,0,
2019-09-21,10175.3,10166.56,9983.33,9912.63,23642.387,0,
2019-09-22,10089.52,9992.7,10023.04,9857.0,23916.354,0,
2019-09-23,10046.91,10027.69,9701.96,9620.0,31927.062,0,
2019-09-24,9792.83,9701.1,8645.61,8645.61,29758.535,0,
2019-09-25,8725.24,8493.32,8430.07,8200.0,48222.102,0,
2019-09-26,8464.4,8428.15,8060.15,7700.67,60065.945,0,
2019-09-27,8260.0,8061.98,8176.52,7851.94,40034.653,0,
2019-09-28,8311.0,8178.26,8195.38,8001.14,33820.919,0,
2019-09-29,8226.35,8199.0,8041.96,7888.98,35966.056,0,
2019-09-30,8331.89,8042.08,8285.84,7709.01,54412.52,0,
2019-10-01,8499.0,8285.31,8290.0,8171.0,39212.804,0,
2019-10-02,8365.92,8290.0,8352.14,8149.35,30329.179,0,
2019-10-03,8386.0,8353.4,8220.27,8020.0,33430.23,0,
2019-10-04,8227.42,8219.95,8130.56,7979.95,28421.111,0,
2019-10-05,8175.0,8130.0,8122.14,8010.0,30262.006,0,
2019-10-06,8148.43,8122.01,7852.79,7760.0,41909.039,0,
2019-10-07,8330.0,7851.01,8186.88,7764.42,62760.299,0,
2019-10-08,8322.01,8188.55,8167.62,8103.88,44715.165,0,
2019-10-09,8700.0,8168.33,8559.77,8113.0,65453.643,0,
2019-10-10,8640.89,8559.77,8556.02,8419.34,44285.668,0,
2019-10-11,8788.0,8557.0,8255.58,8210.0,69157.964,0,
2019-10-12,8397.45,8255.54,8300.22,8248.34,37761.514,0,
2019-10-13,8456.0,8300.31,8274.66,8137.3,43820.913,0,
2019-10-14,8381.77,8274.33,8346.05,8205.02,61999.821,0,
2019-10-15,8408.62,8346.31,8160.01,8080.0,86246.749,0,
2019-10-16,8184.0,8160.55,7992.21,7900.24,70434.452,0,
2019-10-17,8124.63,7994.76,8069.2,7930.0,58354.602,0,
2019-10-18,8117.3,8069.41,7943.94,7812.0,75251.352,0,
2019-10-19,8108.54,7945.57,7947.13,7852.12,78024.395,0,
2019-10-20,8300.5,7947.78,8218.23,7871.17,78663.915,0,
2019-10-21,8334.57,8218.23,8201.74,8150.0,59928.516,0,
2019-10-22,8290.0,8201.0,8020.89,8000.0,69506.88,0,
2019-10-23,8047.78,8020.68,7465.0,7172.76,108484.139,0,
2019-10-24,7495.81,7465.18,7411.35,7337.44,66719.534,0,
2019-10-25,8800.0,7410.07,8650.0,7359.0,165118.926,0,
2019-10-26,10408.48,8650.0,9232.22,8626.89,248161.161,0,
2019-10-27,9803.83,9234.75,9533.32,9066.07,163544.019,0,
2019-10-28,9930.13,9534.37,9217.36,9156.03,155599.975,0,
2019-10-29,9569.1,9215.78,9415.02,9070.0,124703.014,0,
2019-10-30,9418.65,9415.02,9165.3,8975.72,98464.858,0,
2019-10-31,9438.64,9163.4,9150.0,8933.0,98836.044,0,
2019-11-01,9280.0,9149.88,9231.01,9050.27,87256.949,0,
2019-11-02,9375.0,9231.7,9287.8,9194.98,56602.055,0,
2019-11-03,9366.69,9288.96,9197.88,9073.0,75612.722,0,
2019-11-04,9550.0,9197.86,9395.46,9126.01,90433.357,0,
2019-11-05,9457.13,9395.47,9313.2,9164.33,113738.226,0,
2019-11-06,9450.0,9313.1,9343.6,9259.48,73767.911,0,
2019-11-07,9381.93,9344.29,9219.64,9091.2,77389.569,0,
2019-11-08,9259.3,9221.63,8775.03,8669.85,151851.16,0,
2019-11-09,8878.0,8775.6,8811.15,8727.0,66846.392,0,
2019-11-10,9187.0,8811.3,9041.31,8760.0,91099.197,0,
2019-11-11,9072.91,9041.31,8728.93,8611.11,113373.762,0,
2019-11-12,8889.06,8729.89,8817.0,8552.12,107520.546,0,
2019-11-13,8838.0,8817.94,8774.76,8712.0,58585.811,0,
2019-11-14,8798.06,8774.78,8642.25,8581.39,87099.995,0,
2019-11-15,8780.0,8642.47,8473.27,8380.0,145602.497,0,
2019-11-16,8540.54,8473.3,8491.06,8435.0,48657.04,0,
2019-11-17,8631.0,8491.18,8504.04,8355.78,72152.266,0,
2019-11-18,8504.71,8504.13,8183.26,8050.0,123477.142,0,
2019-11-19,8212.87,8183.3,8131.7,8000.0,110854.03,0,
2019-11-20,8230.0,8131.12,8094.05,8037.5,87352.38,0,
2019-11-21,8131.51,8094.57,7621.9,7432.0,180289.189,0,
2019-11-22,7765.03,7621.89,7262.72,6762.73,371213.951,0,
2019-11-23,7345.84,7261.89,7305.99,7073.38,139643.311,0,
2019-11-24,7324.92,7306.19,6900.86,6855.91,183676.078,0,
2019-11-25,7386.29,6899.77,7102.03,6510.19,333987.914,0,
2019-11-26,7340.06,7103.34,7150.0,7011.9,193962.094,0,
2019-11-27,7669.2,7149.97,7506.77,6850.0,297842.994,0,
2019-11-28,7643.0,7506.78,7415.79,7356.0,175000.609,0,
2019-11-29,7850.0,7417.0,7736.66,7394.57,185819.186,0,
2019-11-30,7800.0,7737.23,7542.93,7444.18,141966.392,0,
2019-12-01,7541.08,7541.08,7387.38,7222.29,196291.252,0,
2019-12-02,7416.75,7388.0,7291.0,7137.74,143966.953,0,
2019-12-03,7404.42,7291.74,7290.86,7231.35,84699.47,0,
2019-12-04,7800.0,7290.85,7191.0,7070.0,274879.481,0,
2019-12-05,7480.0,7189.42,7384.99,7142.54,176315.108,0,
2019-12-06,7602.44,7384.66,7522.1,7295.73,136218.707,0,
2019-12-07,7616.91,7521.13,7487.2,7467.44,83208.782,0,
2019-12-08,7559.39,7487.19,7508.2,7376.0,84380.338,0,
2019-12-09,7676.48,7507.87,7337.49,7269.05,136440.176,0,
2019-12-10,7403.71,7338.2,7220.98,7152.0,126662.794,0,
2019-12-11,7267.0,7220.92,7205.77,7117.74,97320.727,0,
2019-12-12,7295.12,7206.78,7194.77,7080.0,140594.105,0,
2019-12-13,7298.0,7194.08,7252.98,7190.0,80178.833,0,
2019-12-14,7266.14,7252.98,7061.34,7007.86,97837.512,0,
2019-12-15,7196.0,7060.79,7115.0,7004.77,87933.233,0,
2019-12-16,7147.34,7115.45,6887.54,6831.0,117597.89,0,
2019-12-17,6940.0,6887.48,6618.96,6550.0,166411.289,0,
2019-12-18,7479.99,6618.96,7277.44,6427.0,328489.593,0,
2019-12-19,7367.87,7278.11,7146.29,7042.82,158849.566,0,
2019-12-20,7217.08,7146.29,7184.39,7078.17,86449.566,0,
2019-12-21,7185.0,7184.39,7131.01,7108.0,44340.865,0,
2019-12-22,7517.61,7131.02,7502.92,7122.0,129797.395,0,
2019-12-23,7691.0,7502.92,7314.01,7262.0,215298.787,0,
2019-12-24,7434.55,7314.03,7252.04,7156.08,149081.004,0,
2019-12-25,7267.63,7251.57,7201.45,7123.19,96965.072,0,
2019-12-26,7438.8,7201.67,7197.46,7151.0,133973.533,0,
2019-12-27,7270.0,7197.84,7248.4,7078.89,112284.61,0,
2019-12-28,7359.15,7248.4,7311.48,7235.0,91292.882,0,
2019-12-29,7527.0,7310.29,7383.67,7283.6,102543.974,0,
2019-12-30,7400.0,7383.68,7240.43,7215.58,94375.362,0,
2019-12-31,7319.0,7240.8,7189.0,7141.0,89203.437,0,
2020-01-01,7260.43,7189.43,7197.57,7170.15,56801.329,0,
2020-01-02,7209.59,7197.57,6962.04,6922.0,115295.677,0,
2020-01-03,7407.28,6962.34,7341.72,6863.44,208493.458,0,
2020-01-04,7400.0,7341.6,7350.71,7269.21,92586.033,0,
2020-01-05,7495.0,7350.54,7354.36,7303.0,117765.972,0,
2020-01-06,7808.65,7354.36,7757.39,7345.0,168150.317,0,
2020-01-07,8215.33,7757.74,8152.49,7733.0,280809.162,0,
2020-01-08,8468.42,8150.9,8059.84,7870.11,321225.114,0,
2020-01-09,8060.0,8059.77,7818.59,7750.01,187263.143,0,
2020-01-10,8210.62,7817.91,8207.09,7670.0,253783.948,0,
2020-01-11,8292.19,8207.2,8020.56,8003.87,164741.715,0,
2020-01-12,8195.0,8020.58,8186.7,7956.28,108629.964,0,
2020-01-13,8200.0,8186.22,8113.0,8053.78,74581.364,0,
2020-01-14,8893.0,8112.99,8825.0,8109.02,290777.981,0,
2020-01-15,8921.2,8825.0,8825.3,8570.52,237633.837,0,
2020-01-16,8868.21,8825.35,8725.08,8596.25,167958.963,0,
2020-01-17,9039.0,8724.99,8918.72,8680.0,205717.686,0,
2020-01-18,8995.0,8918.73,8925.0,8816.0,114708.682,0,
2020-01-19,9205.3,8925.0,8705.85,8440.91,225314.525,0,
2020-01-20,8750.37,8705.98,8650.0,8526.06,125161.675,0,
2020-01-21,8790.1,8650.0,8742.43,8448.6,107577.153,0,
2020-01-22,8820.0,8742.78,8684.57,8585.85,94305.496,0,
2020-01-23,8694.0,8684.47,8409.6,8326.0,163407.064,0,
2020-01-24,8528.0,8410.0,8441.96,8247.0,144785.391,0,
2020-01-25,8455.0,8442.82,8344.64,8272.0,96961.714,0,
2020-01-26,8624.45,8344.37,8611.21,8300.0,117898.916,0,
2020-01-27,9015.48,8611.21,8913.61,8565.0,172235.328,0,
2020-01-28,9436.06,8913.61,9398.98,8905.0,244467.546,0,
2020-01-29,9460.52,9399.72,9311.0,9242.0,169460.643,0,
2020-01-30,9599.0,9311.23,9525.67,9210.42,190137.536,0,
2020-01-31,9550.72,9525.67,9364.51,9220.0,146644.026,0,
2020-02-01,9477.76,9364.5,9392.74,9306.0,109040.285,0,
2020-02-02,9489.92,9392.99,9338.2,9160.01,148402.977,0,
2020-02-03,9647.61,9340.49,9300.64,9250.0,159049.385,0,
2020-02-04,9368.0,9300.63,9198.35,9105.0,147843.902,0,
2020-02-05,9799.08,9198.32,9630.0,9179.88,212311.697,0,
2020-02-06,9884.0,9630.0,9778.12,9550.0,200556.367,0,
2020-02-07,9900.0,9777.97,9821.52,9736.66,129740.767,0,
2020-02-08,9956.0,9821.52,9906.43,9680.55,129267.269,0,
2020-02-09,10184.34,9906.09,10167.38,9892.15,143407.013,0,
2020-02-10,10213.56,10167.37,9865.56,9750.0,184242.737,0,
2020-02-11,10409.96,9865.56,10229.06,9729.36,190119.815,0,
2020-02-12,10479.98,10230.74,10339.99,10229.71,159674.258,0,
2020-02-13,10540.0,10339.64,10239.63,10101.0,213052.717,0,
2020-02-14,10390.0,10240.02,10356.82,10123.37,130975.746,0,
2020-02-15,10389.75,10356.27,9914.99,9752.3,152146.127,0,
2020-02-16,10060.45,9914.31,9921.86,9626.64,141547.956,0,
2020-02-17,9971.0,9921.87,9716.0,9461.89,185338.179,0,
2020-02-18,10270.0,9716.0,10174.32,9598.0,166119.369,0,
2020-02-19,10286.0,10174.53,9593.65,9293.07,187495.927,0,
2020-02-20,9700.0,9593.31,9601.99,9382.59,143105.587,0,
2020-02-21,9759.59,9601.51,9681.39,9547.0,98954.288,0,
2020-02-22,9710.7,9681.39,9659.2,9565.0,58419.547,0,
2020-02-23,10018.9,9658.95,9943.12,9657.0,97134.358,0,
2020-02-24,10000.0,9943.12,9662.95,9487.38,157965.671,0,
2020-02-25,9686.78,9662.88,9326.0,9247.0,168641.725,0,
2020-02-26,9384.0,9326.0,8792.22,8610.0,267005.172,0,
2020-02-27,8978.0,8793.96,8828.0,8533.9,200638.488,0,
2020-02-28,8908.86,8827.12,8699.57,8450.0,196066.11,0,
2020-02-29,8799.83,8699.86,8531.98,8530.0,103524.685,0,
2020-03-01,8762.24,8532.5,8537.84,8409.0,174332.916,0,
2020-03-02,8972.0,8537.84,8919.7,8504.95,160294.484,0,
2020-03-03,8922.34,8919.7,8765.0,8657.41,160123.605,0,
2020-03-04,8853.88,8765.0,8756.93,8669.23,105462.12,0,
2020-03-05,9172.3,8755.98,9062.81,8755.98,161840.623,0,
2020-03-06,9179.75,9062.62,9139.48,8994.14,115011.583,0,
2020-03-07,9204.0,9139.77,8897.18,8850.0,125804.999,0,
2020-03-08,8897.71,8895.62,8038.46,7997.7,237407.028,0,
2020-03-09,8182.31,8038.99,7932.15,7635.21,334399.107,0,
2020-03-10,8156.31,7932.45,7897.66,7733.0,257068.702,0,
2020-03-11,7988.0,7898.21,7938.39,7593.29,220537.381,0,
2020-03-12,7969.0,7938.39,4764.65,4347.0,784747.02,0,
2020-03-13,5971.0,4762.28,5570.26,3621.81,935489.242,0,
2020-03-14,5638.42,5569.84,5167.01,5040.0,316242.586,0,
2020-03-15,5954.47,5167.21,5357.32,5089.12,356311.765,0,
2020-03-16,5361.26,5354.81,5026.26,4413.62,621555.792,0,
2020-03-17,5529.98,5027.11,5307.38,4913.49,429908.098,0,
2020-03-18,5435.0,5306.42,5389.64,4982.75,402005.703,0,
2020-03-19,6400.0,5389.94,6159.6,5246.5,499391.19,0,
2020-03-20,6911.0,6159.41,6203.77,5650.0,571898.016,0,
2020-03-21,6457.17,6204.47,6183.69,5854.01,387679.649,0,
2020-03-22,6408.91,6183.84,5810.17,5730.35,391002.795,0,
2020-03-23,6619.9,5810.3,6463.84,5670.0,489746.087,0,
2020-03-24,6840.0,6463.21,6741.33,6369.0,437968.553,0,
2020-03-25,6960.71,6740.86,6673.41,6436.26,400684.542,0,
2020-03-26,6777.5,6673.57,6733.76,6500.0,281245.628,0,
2020-03-27,6840.0,6733.76,6353.64,6230.0,258213.519,0,
2020-03-28,6354.74,6353.64,6230.95,6004.0,341944.185,0,
2020-03-29,6260.0,6231.81,5876.27,5857.6,251335.919,0,
2020-03-30,6606.15,5876.27,6391.08,5850.0,387321.998,0,
2020-03-31,6516.63,6389.52,6407.1,6320.0,262522.644,0,
2020-04-01,6693.0,6407.1,6641.51,6140.0,390529.602,0,
2020-04-02,7290.0,6641.22,6791.63,6542.73,531321.428,0,
2020-04-03,7049.11,6791.65,6729.8,6600.0,411944.927,0,
2020-04-04,7020.0,6729.8,6851.1,6629.99,319849.757,0,
2020-04-05,6893.44,6851.4,6768.9,6668.02,239224.508,0,
2020-04-06,7370.0,6768.9,7325.73,6760.0,461331.013,0,
2020-04-07,7457.0,7325.73,7192.9,7070.43,419572.04,0,
2020-04-08,7417.83,7192.9,7357.66,7145.14,332599.575,0,
2020-04-09,7365.69,7357.15,7278.65,7105.98,293638.581,0,
2020-04-10,7290.0,7278.83,6857.82,6741.0,440148.453,0,
2020-04-11,6944.28,6858.0,6874.18,6757.29,224157.844,0,
2020-04-12,7173.98,6874.17,6900.52,6775.66,321594.822,0,
2020-04-13,6900.99,6900.19,6834.0,6558.0,421954.773,0,
2020-04-14,6975.6,6834.01,6864.11,6751.0,280445.427,0,
2020-04-15,6929.0,6864.11,6616.89,6602.59,281136.689,0,
2020-04-16,7190.92,6616.88,7098.15,6465.33,559868.603,0,
2020-04-17,7140.0,7098.15,7022.44,6981.0,277339.601,0,
2020-04-18,7290.0,7022.0,7242.42,7008.11,225807.171,0,
2020-04-19,7258.42,7242.49,7118.03,7055.0,216975.114,0,
2020-04-20,7208.55,7118.04,6825.29,6735.95,445104.981,0,
2020-04-21,6940.0,6825.28,6838.0,6759.16,288024.528,0,
2020-04-22,7154.9,6838.0,7120.06,6812.57,306482.163,0,
2020-04-23,7802.38,7120.06,7483.35,7020.0,472510.047,0,
2020-04-24,7612.91,7483.36,7504.11,7388.0,278378.368,0,
2020-04-25,7722.33,7504.62,7534.01,7433.0,243266.807,0,
2020-04-26,7709.57,7534.01,7694.17,7476.86,269921.936,0,
2020-04-27,7795.6,7693.63,7774.0,7623.98,290336.169,0,
2020-04-28,7780.0,7774.0,7735.75,7662.49,217652.761,0,
2020-04-29,8988.66,7735.76,8784.2,7710.0,871197.569,0,
2020-04-30,9479.77,8784.05,8624.76,8400.0,944211.711,1,long
2020-05-01,9065.0,8623.61,8830.52,8619.84,417820.386,0,
2020-05-02,9020.0,8830.52,8975.18,8755.01,295769.728,0,
2020-05-03,9200.0,8975.18,8900.0,8727.24,451322.713,0,
2020-05-04,8954.94,8899.99,8873.98,8526.0,440135.307,0,
2020-05-05,9118.17,8873.99,9022.78,8766.12,409920.13,0,
2020-05-06,9405.0,9022.76,9148.27,8916.01,507753.8,0,
2020-05-07,10080.0,9148.29,9995.0,9022.0,738920.219,0,
2020-05-08,10045.03,9994.74,9807.49,9726.0,458034.211,0,
2020-05-09,9923.98,9809.63,9550.67,9528.23,411941.957,0,
2020-05-10,9580.0,9550.25,8719.53,7940.0,842909.031,0,
2020-05-11,9164.0,8723.23,8561.09,8151.12,805164.964,0,
2020-05-12,8981.0,8560.73,8808.71,8520.43,369716.041,0,
2020-05-13,9397.0,8808.71,9305.91,8790.04,379719.0,0,
2020-05-14,9950.0,9305.91,9786.8,9250.66,602528.438,0,
2020-05-15,9843.5,9787.62,9310.73,9100.0,504107.096,0,
2020-05-16,9585.0,9311.21,9374.99,9210.03,287768.201,0,
2020-05-17,9880.0,9374.99,9678.57,9317.16,300859.34,0,
2020-05-18,9958.67,9677.31,9731.1,9450.0,363732.37,0,
2020-05-19,9900.0,9731.11,9773.64,9462.0,376313.845,0,
2020-05-20,9838.0,9772.66,9508.11,9281.42,334423.59,0,
2020-05-21,9573.0,9508.0,9060.0,8812.2,461439.193,0,
2020-05-22,9259.38,9060.0,9166.4,8920.0,276008.073,0,
2020-05-23,9300.0,9166.43,9176.41,9076.9,201589.66,0,
2020-05-24,9294.44,9176.32,8711.37,8674.0,339643.378,0,
2020-05-25,8977.0,8711.37,8895.65,8623.38,302980.106,0,
2020-05-26,9011.82,8895.66,8837.05,8693.18,275619.158,0,
2020-05-27,9230.0,8837.88,9197.32,8811.0,272253.998,0,
2020-05-28,9621.65,9197.32,9569.59,9110.97,327412.374,0,
2020-05-29,9598.0,9569.58,9422.26,9317.42,238691.299,0,
2020-05-30,9753.0,9422.11,9695.0,9326.01,255234.058,0,
2020-05-31,9698.0,9694.38,9446.43,9371.76,219829.356,0,
2020-06-01,10497.25,9446.49,10232.48,9420.85,333740.457,0,
2020-06-02,10262.3,10232.41,9514.9,9264.15,354168.517,0,
2020-06-03,9694.75,9514.9,9663.59,9382.33,185389.412,0,
2020-06-04,9884.0,9663.58,9788.33,9440.0,264515.319,0,
2020-06-05,9855.0,9788.32,9617.29,9580.52,237103.042,0,
2020-06-06,9738.77,9616.64,9664.0,9528.0,152526.703,0,
2020-06-07,9823.13,9664.01,9743.92,9373.0,253986.313,0,
2020-06-08,9816.0,9743.92,9778.87,9631.0,162086.419,0,
2020-06-09,9890.0,9778.87,9771.66,9550.03,204422.819,0,
2020-06-10,10015.99,9771.66,9884.99,9681.21,193628.149,0,
2020-06-11,9970.1,9884.99,9278.03,9055.07,404046.613,0,
2020-06-12,9550.0,9277.72,9458.91,9238.0,211611.34,0,
2020-06-13,9497.85,9458.77,9468.54,9340.0,113449.075,0,
2020-06-14,9477.0,9468.55,9339.61,9240.97,143978.523,0,
2020-06-15,9490.83,9339.7,9422.01,8888.43,413865.727,0,
2020-06-16,9595.0,9422.01,9519.12,9370.0,225713.247,0,
2020-06-17,9569.0,9519.13,9458.45,9231.03,227477.39,0,
2020-06-18,9483.85,9458.45,9381.59,9272.41,158349.247,0,
2020-06-19,9453.0,9381.99,9307.0,9239.0,219510.059,0,
2020-06-20,9394.29,9307.0,9354.04,9165.0,154462.29,0,
2020-06-21,9420.47,9353.84,9293.51,9279.0,110599.558,0,
2020-06-22,9795.0,9293.39,9686.99,9273.0,260561.647,0,
2020-06-23,9723.23,9686.99,9631.66,9585.0,164673.499,0,
2020-06-24,9678.0,9631.65,9298.4,9210.0,300450.251,0,
2020-06-25,9350.9,9298.78,9246.75,9005.0,272566.502,0,
2020-06-26,9297.16,9246.75,9159.99,9038.52,249348.67,0,
2020-06-27,9195.75,9159.99,9008.0,8816.4,237840.165,0,
2020-06-28,9188.0,9008.0,9114.0,8932.68,153842.891,0,
2020-06-29,9233.0,9114.01,9189.48,9022.0,176660.525,0,
2020-06-30,9205.0,9189.99,9138.87,9063.97,143469.832,0,
2020-07-01,9293.0,9138.88,9233.29,9090.0,161642.185,0,
2020-07-02,9262.99,9233.29,9087.72,8936.0,230747.519,0,
2020-07-03,9124.52,9087.72,9057.52,9036.06,96947.338,0,
2020-07-04,9194.0,9058.07,9137.18,9042.84,100215.438,0,
2020-07-05,9146.35,9137.18,9071.86,8900.0,139545.566,0,
2020-07-06,9379.0,9071.87,9339.6,9058.1,199643.828,0,
2020-07-07,9380.0,9339.59,9258.51,9201.23,127833.975,0,
2020-07-08,9470.0,9258.51,9436.08,9233.47,170243.001,0,
2020-07-09,9440.81,9436.08,9236.28,9164.33,188355.856,0,
2020-07-10,9317.24,9236.29,9288.39,9121.42,140849.874,0,
2020-07-11,9301.74,9288.39,9233.5,9178.91,74976.521,0,
2020-07-12,9349.0,9233.5,9300.69,9155.0,127841.882,0,
2020-07-13,9345.0,9300.7,9241.2,9200.0,136117.659,0,
2020-07-14,9279.0,9241.18,9254.17,9116.0,129704.278,0,
2020-07-15,9272.56,9254.17,9197.3,9156.0,104107.708,0,
2020-07-16,9223.0,9197.75,9132.0,9044.02,148089.45,0,
2020-07-17,9187.0,9132.0,9151.69,9087.0,80940.584,0,
2020-07-18,9210.0,9151.7,9171.8,9121.98,63233.596,0,
2020-07-19,9239.59,9171.79,9210.51,9108.0,75554.579,0,
2020-07-20,9221.0,9210.68,9161.13,9131.01,72429.691,0,
2020-07-21,9439.6,9161.28,9388.01,9152.62,179211.347,0,
2020-07-22,9543.0,9388.0,9518.25,9272.0,126598.902,0,
2020-07-23,9678.32,9518.25,9604.41,9439.86,166990.147,0,
2020-07-24,9650.0,9604.41,9539.7,9470.0,133975.068,0,
2020-07-25,9735.1,9539.7,9701.49,9526.31,133377.589,0,
2020-07-26,10300.0,9701.54,9939.69,9655.2,261998.786,0,
2020-07-27,11488.0,9939.68,11047.58,9928.61,744752.4,1,long
2020-07-28,11270.0,11047.58,10919.94,10580.0,499486.679,0,
2020-07-29,11364.8,10919.94,11113.03,10844.34,356188.761,0,
2020-07-30,11195.52,11113.01,11111.96,10826.55,230327.988,0,
2020-07-31,11450.42,11111.97,11343.68,10971.78,307399.731,0,
2020-08-01,11887.45,11343.67,11811.42,11201.0,386322.642,0,
2020-08-02,12154.25,11811.43,11079.72,10490.0,492803.351,0,
2020-08-03,11483.0,11080.7,11227.07,10923.0,238654.591,0,
2020-08-04,11427.38,11227.07,11200.05,11025.0,200044.934,0,
2020-08-05,11798.56,11200.06,11752.5,11103.0,263510.011,0,
2020-08-06,11916.02,11752.5,11770.56,11571.78,236459.595,0,
2020-08-07,11920.0,11769.97,11596.06,11318.93,273935.127,0,
2020-08-08,11819.0,11596.26,11765.72,11513.69,154707.303,0,
2020-08-09,11811.0,11765.72,11685.99,11526.9,125463.463,0,
2020-08-10,12100.0,11685.99,11896.89,11384.9,290418.014,0,
2020-08-11,11944.0,11896.86,11392.64,11127.0,336861.638,0,
2020-08-12,11630.0,11392.64,11568.36,11140.0,213799.491,0,
2020-08-13,11798.0,11568.37,11790.0,11272.0,248214.725,0,
2020-08-14,11868.42,11790.0,11767.89,11644.6,159019.959,0,
2020-08-15,11993.58,11767.89,11859.04,11682.0,222262.987,0,
2020-08-16,11945.0,11858.91,11921.23,11688.0,165733.721,0,
2020-08-17,12499.42,11921.32,12298.06,11780.0,331435.112,0,
2020-08-18,12403.0,12298.06,11960.79,11810.0,291349.888,0,
2020-08-19,12037.05,11962.03,11763.87,11574.78,313267.066,0,
2020-08-20,11888.0,11763.88,11857.92,11676.03,130981.044,0,
2020-08-21,11882.68,11858.53,11538.53,11491.0,195106.536,0,
2020-08-22,11689.08,11538.53,11670.47,11385.06,126696.73,0,
2020-08-23,11724.0,11670.48,11654.0,11522.15,95608.033,0,
2020-08-24,11831.96,11654.0,11753.3,11595.0,108781.125,0,
2020-08-25,11770.0,11753.29,11327.17,11130.0,267234.771,0,
2020-08-26,11548.68,11327.18,11466.22,11255.95,170305.024,0,
2020-08-27,11593.0,11466.22,11335.53,11130.82,253778.342,0,
2020-08-28,11544.88,11335.83,11526.85,11283.19,129477.627,0,
2020-08-29,11582.0,11526.85,11466.66,11419.34,83715.229,0,
2020-08-30,11724.12,11466.27,11714.14,11457.88,113266.672,0,
2020-08-31,11784.21,11714.13,11658.11,11575.78,127272.378,0,
2020-09-01,12061.07,11658.11,11930.18,11531.34,211680.828,0,
2020-09-02,11961.0,11930.17,11396.96,11156.0,280411.964,0,
2020-09-03,11475.0,11396.44,10141.08,9901.16,487812.737,0,
2020-09-04,10635.77,10141.4,10448.0,9878.65,432563.841,0,
2020-09-05,10567.87,10448.0,10168.71,9808.58,399307.282,0,
2020-09-06,10348.97,10168.23,10258.13,10003.0,190207.654,0,
2020-09-07,10420.55,10258.13,10378.76,9879.68,258476.949,0,
2020-09-08,10443.79,10379.3,10129.02,9842.01,317802.322,0,
2020-09-09,10346.0,10130.0,10219.29,9981.13,151222.689,0,
2020-09-10,10484.6,10219.29,10335.91,10211.67,187667.873,0,
2020-09-11,10397.85,10335.91,10387.81,10200.8,135929.303,0,
2020-09-12,10477.7,10387.81,10438.28,10271.0,97429.037,0,
2020-09-13,10580.0,10438.29,10327.72,10209.01,159021.843,0,
2020-09-14,10746.06,10327.72,10664.1,10241.57,205260.236,0,
2020-09-15,10923.42,10664.1,10776.78,10592.0,247657.23,0,
2020-09-16,11089.08,10776.88,10948.17,10661.9,252881.019,0,
2020-09-17,11040.0,10948.16,10935.33,10740.0,186484.361,0,
2020-09-18,11035.0,10935.97,10926.29,10810.1,136028.351,0,
2020-09-19,11177.0,10926.3,11073.74,10880.0,126239.232,0,
2020-09-20,11073.9,11073.2,10914.28,10751.0,150450.562,0,
2020-09-21,10980.69,10915.52,10414.73,10281.0,333047.145,0,
2020-09-22,10574.08,10414.73,10523.32,10353.1,179900.686,0,
2020-09-23,10531.94,10523.32,10237.91,10132.21,203027.542,0,
2020-09-24,10837.27,10237.91,10724.92,10191.0,241646.573,0,
2020-09-25,10754.29,10724.91,10683.51,10551.56,170930.773,0,
2020-09-26,10827.8,10683.5,10726.5,10642.23,109340.491,0,
2020-09-27,10793.5,10726.5,10768.0,10584.0,123440.716,0,
2020-09-28,11024.0,10768.0,10691.45,10627.19,187105.377,0,
2020-09-29,10863.94,10691.94,10836.98,10631.49,146888.319,0,
2020-09-30,10845.99,10836.99,10773.0,10660.05,132834.116,0,
2020-10-01,10935.14,10773.0,10612.63,10442.0,253619.622,0,
2020-10-02,10660.0,10612.62,10565.15,10371.03,224747.037,0,
2020-10-03,10596.0,10565.44,10537.96,10491.11,76315.911,0,
2020-10-04,10694.0,10537.96,10660.16,10514.0,90912.105,0,
2020-10-05,10792.0,10660.16,10785.0,10608.9,130589.137,0,
2020-10-06,10792.0,10784.99,10593.65,10510.66,184895.25,0,
2020-10-07,10675.0,10593.65,10658.75,10540.29,106700.522,0,
2020-10-08,10958.0,10658.75,10919.45,10523.0,207938.861,0,
2020-10-09,11110.0,10919.45,11050.47,10818.44,154336.818,0,
2020-10-10,11494.0,11050.46,11294.79,11050.46,199398.012,0,
2020-10-11,11450.73,11294.78,11369.59,11273.77,146323.076,0,
2020-10-12,11732.0,11369.59,11530.36,11157.0,254217.203,0,
2020-10-13,11562.0,11530.37,11419.36,11308.0,199115.115,0,
2020-10-14,11550.0,11419.36,11417.13,11280.5,192936.97,0,
2020-10-15,11649.48,11417.12,11502.0,11250.0,215260.399,0,
2020-10-16,11538.92,11502.0,11318.92,11175.0,212339.085,0,
2020-10-17,11424.09,11319.51,11356.25,11250.0,95892.966,0,
2020-10-18,11529.93,11356.25,11501.1,11342.54,92472.191,0,
2020-10-19,11830.0,11501.5,11745.0,11404.01,230161.648,0,
2020-10-20,12045.78,11744.99,11900.03,11673.0,312811.802,0,
2020-10-21,13240.0,11900.03,12796.07,11876.0,591963.069,1,long
2020-10-22,13188.27,12796.06,12968.87,12675.5,343851.666,0,
2020-10-23,13043.0,12970.39,12925.82,12725.04,237042.526,0,
2020-10-24,13177.59,12925.82,13110.88,12871.07,176146.631,0,
2020-10-25,13369.0,13110.88,13023.81,12715.0,206012.652,0,
2020-10-26,13240.0,13024.21,13047.24,12729.0,316503.296,0,
2020-10-27,13787.83,13047.24,13629.38,13041.3,411509.506,0,
2020-10-28,13863.0,13629.89,13256.17,12876.0,476993.789,0,
2020-10-29,13637.22,13255.79,13446.65,12965.0,355352.336,0,
2020-10-30,13665.65,13446.65,13549.12,13100.0,349890.573,0,
2020-10-31,14140.0,13549.12,13783.73,13403.36,357853.23,0,
2020-11-01,13891.52,13783.73,13752.86,13605.9,198395.231,0,
2020-11-02,13823.75,13752.87,13540.54,13195.0,327991.768,0,
2020-11-03,14070.0,13541.55,14016.55,13276.33,348730.51,0,
2020-11-04,14280.0,14016.55,14134.31,13512.0,451433.42,0,
2020-11-05,15777.0,14134.32,15598.75,14088.01,717489.697,1,long
2020-11-06,15984.2,15598.74,15590.96,15177.0,559380.06,0,
2020-11-07,15774.0,15590.95,14824.34,14350.0,457582.681,0,
2020-11-08,15678.0,14824.33,15473.2,14710.0,290616.393,0,
2020-11-09,15869.0,15473.2,15328.72,14822.0,474181.983,0,
2020-11-10,15474.17,15328.72,15294.68,15071.0,244073.495,0,
2020-11-11,16000.0,15294.68,15690.24,15274.89,330772.852,0,
2020-11-12,16345.0,15690.24,16289.02,15437.7,471759.126,0,
2020-11-13,16479.99,16289.01,16320.54,15955.6,306656.359,0,
2020-11-14,16326.82,16320.54,16064.51,15700.0,266206.937,0,
2020-11-15,16161.23,16064.51,15952.27,15768.0,210318.453,0,
2020-11-16,16882.0,15951.93,16707.07,15862.0,342459.329,0,
2020-11-17,17890.1,16707.0,17670.01,16550.0,524094.697,0,
2020-11-18,18520.0,17670.01,17788.32,17215.03,732937.097,0,
2020-11-19,18200.0,17788.32,17811.68,17347.27,406500.977,0,
2020-11-20,18831.6,17811.68,18664.31,17748.92,407926.802,0,
2020-11-21,18986.0,18662.85,18721.99,18302.08,342412.49,0,
2020-11-22,18780.0,18721.99,18435.2,17645.98,373779.417,0,
2020-11-23,18812.65,18434.17,18382.07,18013.97,364221.378,0,
2020-11-24,19440.0,18382.07,19179.64,18000.0,477968.289,0,
2020-11-25,19554.19,19178.53,18741.67,18509.12,426276.99,0,
2020-11-26,18940.69,18741.66,17155.34,16181.0,850692.856,0,
2020-11-27,17465.0,17155.37,17144.1,16444.83,398072.933,0,
2020-11-28,17880.0,17144.11,17717.74,16865.78,268833.749,0,
2020-11-29,18343.0,17717.74,18181.09,17523.0,256024.006,0,
2020-11-30,19944.0,18180.43,19720.0,18178.82,500482.574,0,
2020-12-01,19956.0,19722.09,18772.7,18050.0,553885.333,0,
2020-12-02,19365.0,18770.33,19207.01,18329.58,335717.482,0,
2020-12-03,19640.0,19207.01,19434.3,18865.0,245020.576,0,
2020-12-04,19537.16,19432.66,18664.2,18570.0,276271.939,0,
2020-12-05,19203.46,18662.72,19147.62,18510.0,165912.647,0,
2020-12-06,19449.1,19147.63,19375.02,18855.35,176004.606,0,
2020-12-07,19446.36,19375.0,19172.88,18908.66,169402.371,0,
2020-12-08,19319.38,19172.87,18319.32,18133.33,280714.132,0,
2020-12-09,18639.7,18319.33,18537.98,17650.0,353123.689,0,
2020-12-10,18550.0,18537.97,18253.51,17916.0,233960.241,0,
2020-12-11,18290.44,18254.0,18031.47,17555.0,317866.07,0,
2020-12-12,18950.0,18031.71,18800.0,18012.21,196962.282,0,
2020-12-13,19432.0,18800.0,19175.07,18705.46,239760.089,0,
2020-12-14,19355.35,19175.06,19270.7,19004.72,181555.823,0,
2020-12-15,19598.0,19270.71,19424.91,19039.64,248744.054,0,
2020-12-16,21600.0,19424.9,21346.8,19274.55,459302.012,0,
2020-12-17,23888.04,21346.81,22816.99,21231.5,823435.821,0,
2020-12-18,23330.0,22816.99,23124.35,22363.94,305997.222,0,
2020-12-19,24281.61,23124.35,23847.28,22735.81,337535.438,0,
2020-12-20,24376.0,23847.28,23472.96,23076.25,322289.774,0,
2020-12-21,24145.0,23472.96,22730.1,21920.0,476456.589,0,
2020-12-22,23850.0,22736.05,23826.99,22387.0,326124.313,0,
2020-12-23,24235.42,23826.74,23238.27,22572.52,394754.939,0,
2020-12-24,23819.81,23237.73,23737.44,22700.0,237754.257,0,
2020-12-25,24827.64,23738.75,24730.0,23450.0,284523.431,0,
2020-12-26,26926.0,24729.99,26508.83,24507.24,367265.555,0,
2020-12-27,28459.84,26508.84,26305.64,25850.0,540264.148,0,
2020-12-28,27538.82,26301.76,27102.66,26117.1,267563.468,0,
2020-12-29,27441.73,27101.45,27402.83,25913.01,260759.449,0,
2020-12-30,29063.72,27402.83,28906.99,27401.0,374737.655,0,
2020-12-31,29376.7,28906.99,28951.68,27848.0,313648.835,0,
2021-01-01,29668.86,28948.19,29337.16,28627.12,210716.398,0,
2021-01-02,33480.0,29337.15,32199.91,28958.24,545541.08,0,
2021-01-03,34832.25,32198.41,33054.53,32000.02,487486.989,0,
2021-01-04,33653.56,33053.93,32031.07,27800.0,506128.023,0,
2021-01-05,34500.0,32029.55,33999.52,29900.0,433720.833,0,
2021-01-06,37037.51,33999.51,36823.68,33356.46,444019.83,0,
2021-01-07,40565.62,36825.77,39498.92,36337.36,520147.908,0,
2021-01-08,42125.51,39498.32,40637.23,36539.77,518080.826,0,
2021-01-09,41539.88,40638.91,40136.04,38733.28,260882.805,0,
2021-01-10,41412.12,40136.05,38221.67,35268.0,436759.048,0,
2021-01-11,38322.18,38200.01,35408.46,30448.0,906275.651,1,long
2021-01-12,36693.44,35406.92,34056.9,32600.0,449065.693,0,
2021-01-13,37880.0,34065.53,37421.07,32420.0,398188.088,0,
2021-01-14,40189.39,37416.34,39163.31,36764.33,353142.386,0,
2021-01-15,39790.0,39163.31,36755.24,34478.0,437610.113,0,
2021-01-16,38000.0,36755.25,36025.66,35366.0,301102.477,0,
2021-01-17,36898.0,36025.65,35869.83,33863.5,287686.129,0,
2021-01-18,37547.94,35875.72,36686.86,34808.47,253386.703,0,
2021-01-19,37961.0,36690.0,35891.03,35850.0,257889.419,0,
2021-01-20,36461.44,35891.74,35500.0,33403.0,329192.419,0,
2021-01-21,35636.17,35499.23,30879.97,30069.9,550562.277,0,
2021-01-22,33831.52,30875.77,32986.34,28880.0,453568.538,0,
2021-01-23,33495.0,32990.08,32086.48,31405.0,256776.411,0,
2021-01-24,33125.75,32086.48,32275.63,30914.2,212107.044,0,
2021-01-25,34880.0,32274.88,32253.68,31921.47,316687.524,0,
2021-01-26,32950.0,32253.68,32474.14,30810.0,346861.707,0,
2021-01-27,32562.2,32474.81,30381.04,29240.0,431022.839,0,
2021-01-28,33778.95,30382.96,33399.75,29843.33,311528.373,0,
2021-01-29,38641.1,33399.99,34269.35,31960.0,713579.785,0,
2021-01-30,34988.88,34267.04,34289.85,32849.06,267861.872,0,
2021-01-31,34393.22,34284.76,33126.21,32193.04,211293.891,0,
2021-02-01,34720.0,33125.11,33546.09,32322.47,240632.325,0,
2021-02-02,36041.0,33546.08,35504.06,33450.0,239856.23,0,
2021-02-03,37700.0,35504.07,37652.51,35410.0,240308.078,0,
2021-02-04,38833.0,37651.92,36976.93,36233.0,306715.022,0,
2021-02-05,38411.82,36975.19,38362.65,36586.68,196277.444,0,
2021-02-06,40992.4,38357.17,39249.54,38269.0,310826.315,0,
2021-02-07,39757.87,39249.53,38849.25,37403.27,296721.925,0,
2021-02-08,47146.0,38849.24,46451.32,38037.0,440167.093,0,
2021-02-09,48266.36,46451.32,46492.54,45057.65,381477.426,0,
2021-02-10,47475.0,46492.53,44850.0,43770.0,334979.017,0,
2021-02-11,48810.0,44850.0,48060.21,44038.97,330540.045,0,
2021-02-12,49278.98,48060.21,47361.03,46121.0,259186.288,0,
2021-02-13,48290.0,47364.0,47221.62,46252.1,199965.397,0,
2021-02-14,49875.16,47221.63,48655.21,47093.16,241935.666,0,
2021-02-15,49100.0,48655.21,47981.58,45349.21,248960.404,0,
2021-02-16,50953.44,47981.6,49197.94,47101.02,343592.011,0,
2021-02-17,52800.0,49197.93,52194.62,49029.62,312007.458,0,
2021-02-18,52640.0,52194.62,51619.7,50948.0,185489.89,0,
2021-02-19,56582.0,51612.46,56004.1,50800.0,257911.872,0,
2021-02-20,57699.0,56005.85,55917.41,53905.0,240296.308,0,
2021-02-21,58472.14,55908.45,57487.43,55564.5,196820.573,0,
2021-02-22,57591.87,57475.5,54121.1,47751.42,480660.187,0,
2021-02-23,54260.12,54125.55,48930.0,44893.82,748737.462,0,
2021-02-24,51435.58,48930.01,49702.03,47000.0,333415.219,0,
2021-02-25,52134.96,49702.05,47089.37,46685.43,349943.016,0,
2021-02-26,48438.01,47087.97,46313.13,44100.0,440670.32,0,
2021-02-27,48476.05,46313.12,46102.63,44926.77,256027.074,0,
2021-02-28,46678.0,46097.09,45163.36,43002.05,370358.825,0,
2021-03-01,49800.0,45162.64,49592.7,44972.49,315659.931,0,
2021-03-02,50221.77,49594.99,48450.57,47058.06,273100.435,0,
2021-03-03,52681.51,48454.21,50373.75,48110.66,350311.234,0,
2021-03-04,51800.0,50373.75,48385.77,47500.0,387428.957,0,
2021-03-05,49470.0,48385.77,48770.57,46320.0,354602.756,0,
2021-03-06,49253.63,48772.68,48908.21,47090.0,215092.91,0,
2021-03-07,51480.0,48908.21,50995.27,48908.21,248398.116,0,
2021-03-08,52450.0,50991.35,52429.43,49310.0,308339.866,0,
2021-03-09,54950.0,52429.43,54917.78,51880.0,285604.798,0,
2021-03-10,57500.92,54917.78,55947.98,53061.0,401159.493,0,
2021-03-11,58283.0,55949.3,57844.52,54356.44,364681.318,0,
2021-03-12,58186.33,57842.64,57291.03,55074.3,335495.042,0,
2021-03-13,61950.0,57291.04,61267.41,56136.0,320322.173,0,
2021-03-14,61798.0,61267.41,59037.12,59005.0,231991.901,0,
2021-03-15,60740.0,59037.11,55646.61,54517.28,448820.83,0,
2021-03-16,56988.0,55646.61,56954.19,53335.0,339718.202,0,
2021-03-17,59078.79,56953.23,58959.0,54154.93,339397.712,0,
2021-03-18,60510.0,58959.01,57700.01,57072.0,305100.026,0,
2021-03-19,59550.0,57700.01,58089.11,56301.27,259039.479,0,
2021-03-20,59948.0,58089.11,58145.61,57881.0,203680.149,0,
2021-03-21,58638.7,58144.44,57415.18,55403.55,237518.696,0,
2021-03-22,58500.0,57415.19,54129.56,53635.81,293062.947,0,
2021-03-23,55890.68,54129.56,54400.0,52981.4,276199.041,0,
2021-03-24,57234.79,54400.0,52311.54,51666.0,394172.526,0,
2021-03-25,53255.2,52307.89,51325.21,50452.08,416848.091,0,
2021-03-26,55123.0,51325.21,55030.0,51260.0,271957.842,0,
2021-03-27,56658.76,55030.0,55828.0,54001.0,234435.346,0,
2021-03-28,56588.31,55828.0,55805.08,54694.91,200603.768,0,
2021-03-29,58490.11,55804.16,57677.64,54931.15,277215.268,0,
2021-03-30,59560.0,57676.14,58794.16,57110.0,232824.065,0,
2021-03-31,59920.0,58794.17,58807.24,56812.0,337038.349,0,
2021-04-01,59592.22,58810.99,58794.01,58002.0,196332.114,0,
2021-04-02,60397.85,58797.56,59031.36,58490.03,189391.958,0,
2021-04-03,59925.0,59028.99,57134.65,56900.0,198636.171,0,
2021-04-04,58553.0,57134.65,58234.61,56517.23,152454.122,0,
2021-04-05,59385.0,58234.61,59243.39,56808.94,174338.646,0,
2021-04-06,59626.18,59243.4,58059.99,57500.0,165562.029,0,
2021-04-07,58720.0,58060.0,56018.18,55536.07,265271.707,0,
2021-04-08,58200.0,56018.17,58122.26,55759.13,161389.858,0,
2021-04-09,58950.0,58122.93,58176.03,57700.0,141690.144,0,
2021-04-10,61800.0,58176.04,59832.43,57943.95,240907.592,0,
2021-04-11,60816.88,59832.43,60090.2,59304.02,148499.824,0,
2021-04-12,61449.91,60093.26,59911.18,59500.0,196147.561,0,
2021-04-13,63850.0,59911.19,63649.71,59873.01,279389.492,0,
2021-04-14,64986.11,63645.05,63019.1,61404.0,323454.88,0,
2021-04-15,63905.83,63018.34,63232.55,62157.89,178604.198,0,
2021-04-16,63600.0,63232.56,61424.67,60100.0,255765.893,0,
2021-04-17,62610.0,61424.67,60090.14,59620.0,194112.299,0,
2021-04-18,60450.0,60090.14,56140.05,50050.0,522006.276,0,
2021-04-19,57532.7,56140.05,55634.39,54200.0,285041.716,0,
2021-04-20,57060.0,55634.38,56410.56,53330.82,324494.085,0,
2021-04-21,56756.78,56411.25,53800.0,53610.0,252601.972,0,
2021-04-22,55470.51,53794.72,51714.61,50534.34,453489.185,0,
2021-04-23,52152.0,51714.62,51122.62,47546.16,554666.026,0,
2021-04-24,51183.51,51122.63,50092.4,48690.0,299663.131,0,
2021-04-25,50577.9,50094.27,49063.94,46930.43,310306.501,0,
2021-04-26,54364.89,49063.94,53984.33,48763.0,390494.148,0,
2021-04-27,55500.0,53984.34,55006.25,53225.14,225440.361,0,
2021-04-28,56574.13,55006.25,54861.77,53852.0,263170.559,0,
2021-04-29,55222.02,54861.76,53558.8,52350.0,257045.19,0,
2021-04-30,57935.0,53558.57,57684.16,53043.62,294683.751,0,
2021-05-01,58488.17,57688.29,57836.34,57051.23,207854.398,0,
2021-05-02,57959.97,57836.35,56630.33,56100.0,203712.515,0,
2021-05-03,59056.59,56630.34,57214.83,56500.65,271733.972,0,
2021-05-04,57253.76,57214.84,53263.32,53094.59,388988.754,0,
2021-05-05,57940.0,53263.32,57497.77,52880.38,317811.705,0,
2021-05-06,58450.0,57497.76,56435.35,55297.91,275471.204,0,
2021-05-07,58800.0,56435.35,57350.88,55300.0,256159.504,0,
2021-05-08,59590.96,57350.89,58924.98,56961.25,264906.729,0,
2021-05-09,59335.19,58926.36,58292.53,56316.0,245954.014,0,
2021-05-10,59654.0,58292.53,55869.67,53250.0,396237.133,0,
2021-05-11,56908.66,55869.41,56710.43,54541.33,267226.104,0,
2021-05-12,58049.99,56712.7,49595.76,48503.74,472329.152,0,
2021-05-13,51358.0,49596.75,49707.9,45596.32,652476.689,0,
2021-05-14,51533.0,49706.27,49873.27,48870.41,319069.002,0,
2021-05-15,50709.43,49873.26,46793.41,46584.32,442023.496,0,
2021-05-16,49829.39,46794.62,46429.28,43866.0,604537.63,0,
2021-05-17,46655.0,46429.28,43566.18,42151.0,809129.365,0,
2021-05-18,45846.61,43565.11,42882.53,42268.0,590358.592,0,
2021-05-19,43615.93,42882.54,36689.14,28688.0,1373851.849,-1,short
2021-05-20,42460.0,36689.14,40500.3,34882.0,775185.113,0,
2021-05-21,42270.42,40500.0,37211.02,33400.0,930671.747,0,
2021-05-22,38851.34,37210.01,37432.58,35201.11,588166.784,0,
2021-05-23,38261.71,37436.0,34651.6,31096.7,996815.017,0,
2021-05-24,39917.09,34656.53,38779.66,34366.0,707903.071,0,
2021-05-25,39790.05,38783.58,38326.84,36439.32,598836.411,0,
2021-05-26,40900.0,38326.84,39224.2,37804.76,577032.81,0,
2021-05-27,40438.82,39224.21,38527.38,37133.22,543338.566,0,
2021-05-28,38888.35,38527.38,35670.99,34689.57,832363.425,0,
2021-05-29,37375.0,35670.99,34611.94,33650.0,733902.825,0,
2021-05-30,36501.0,34611.95,35651.81,33356.0,511834.746,0,
2021-05-31,37500.0,35651.8,37243.38,34150.0,635082.121,0,
2021-06-01,37893.76,37244.36,36693.41,35500.0,590822.54,0,
2021-06-02,38232.99,36694.37,37569.99,35905.0,441719.806,0,
2021-06-03,39470.0,37570.0,39247.4,37150.15,507429.005,0,
2021-06-04,39297.35,39247.4,36828.03,35552.51,700625.866,0,
2021-06-05,37900.49,36828.03,35498.62,34800.0,631028.448,0,
2021-06-06,36521.16,35497.93,35801.71,35201.86,443601.064,0,
2021-06-07,36820.0,35801.71,33550.96,33200.0,636735.873,0,
2021-06-08,34061.57,33550.97,33372.58,30969.0,976693.026,0,
2021-06-09,37511.31,33372.58,37368.45,32390.0,1031014.087,0,
2021-06-10,38489.0,37369.99,36669.66,35750.0,803185.699,0,
2021-06-11,37679.54,36669.65,37300.42,35900.0,586122.898,0,
2021-06-12,37432.95,37300.41,35537.05,34585.9,623532.476,0,
2021-06-13,39374.18,35535.95,38993.65,34739.06,647035.314,0,
2021-06-14,41000.0,38993.66,40489.1,38720.0,704979.881,0,
2021-06-15,41413.0,40489.1,40132.86,39500.0,632066.994,0,
2021-06-16,40495.0,40132.86,38344.97,38105.0,673235.496,0,
2021-06-17,39565.0,38344.97,38060.71,37334.76,603849.861,0,
2021-06-18,38198.0,38060.71,35811.41,35100.0,790379.249,0,
2021-06-19,36471.8,35811.41,35483.0,34704.08,642185.382,0,
2021-06-20,36155.0,35483.01,35588.64,33312.0,829896.441,0,
2021-06-21,35746.28,35588.63,31606.0,31250.51,1397330.662,0,
2021-06-22,33274.0,31606.0,32496.0,28780.01,1531824.85,0,
2021-06-23,34867.77,32496.0,33649.0,31711.5,960700.369,0,
2021-06-24,35406.74,33650.0,34644.64,32300.0,774899.165,0,
2021-06-25,35500.0,34644.65,31568.07,31250.0,1093051.375,0,
2021-06-26,32720.52,31569.18,32255.56,30120.0,1091384.749,0,
2021-06-27,34762.0,32250.15,34687.71,31960.0,897147.453,0,
2021-06-28,35279.38,34687.71,34487.22,33855.0,706158.545,0,
2021-06-29,36623.0,34486.58,35911.26,34206.0,806140.329,0,
2021-06-30,36089.96,35910.64,35031.39,34042.74,719742.983,0,
2021-07-01,35044.98,35031.39,33489.96,32672.04,758966.493,0,
2021-07-02,33960.0,33489.96,33760.94,32684.0,664923.202,0,
2021-07-03,34948.16,33760.94,34652.94,33296.98,510614.258,0,
2021-07-04,35955.55,34653.32,35280.16,34340.75,451001.556,0,
2021-07-05,35281.55,35280.17,33672.72,33032.0,736706.409,0,
2021-07-06,35120.0,33672.72,34206.01,33500.0,644229.007,0,
2021-07-07,35089.56,34206.0,33845.64,33756.48,456218.909,0,
2021-07-08,33910.0,33845.63,32852.04,32066.0,650317.664,0,
2021-07-09,34100.0,32855.0,33805.01,32250.0,485662.879,0,
2021-07-10,34248.58,33805.01,33497.98,33010.0,410271.979,0,
2021-07-11,34629.62,33497.98,34253.81,33306.03,343905.35,0,
2021-07-12,34662.73,34253.88,33070.87,32650.0,502747.758,0,
2021-07-13,33336.0,33070.86,32709.09,32186.99,466567.713,0,
2021-07-14,33176.47,32708.66,32803.01,31556.02,521140.41,0,
2021-07-15,33170.0,32803.0,31866.43,31140.0,539111.667,0,
2021-07-16,32245.0,31865.53,31382.95,31018.59,516577.743,0,
2021-07-17,31945.0,31382.96,31496.65,31150.02,422650.418,0,
2021-07-18,32435.93,31496.65,31767.0,31075.1,412189.401,0,
2021-07-19,31890.0,31765.23,30823.62,30358.77,486305.627,0,
2021-07-20,31050.0,30823.62,29775.9,29242.24,602688.19,0,
2021-07-21,32883.9,29775.89,32120.0,29472.41,787077.39,0,
2021-07-22,32583.48,32120.0,32268.11,31700.0,397258.936,0,
2021-07-23,33650.0,32268.12,33634.46,31970.82,404650.016,0,
2021-07-24,34471.0,33631.74,34230.0,33379.81,376046.028,0,
2021-07-25,35400.0,34230.0,35370.66,33812.0,404114.844,0,
2021-07-26,48168.6,35370.67,37218.09,35185.49,1162332.857,0,
2021-07-27,39546.34,37218.09,39442.33,36384.31,675104.157,0,
2021-07-28,40894.0,39448.06,40003.08,38753.0,736196.234,0,
2021-07-29,40665.0,40003.08,40012.9,39203.83,463917.872,0,
2021-07-30,42316.6,40012.89,42203.25,38320.0,561474.309,0,
2021-07-31,42494.0,42202.6,41448.11,41030.19,381521.899,0,
2021-08-01,42614.98,41448.1,39846.78,39350.4,487529.044,0,
2021-08-02,40450.0,39846.78,39147.48,38658.0,451872.128,0,
2021-08-03,39774.93,39147.47,38203.26,37600.0,517219.517,0,
2021-08-04,39975.32,38201.33,39731.31,37500.0,479560.473,0,
2021-08-05,41350.0,39731.31,40882.4,37291.0,746249.712,0,
2021-08-06,43400.0,40882.39,42825.43,39849.82,653451.154,0,
2021-08-07,44753.01,42825.43,44601.11,42395.2,583750.891,0,
2021-08-08,45350.0,44601.11,43787.71,43265.0,553684.698,0,
2021-08-09,46483.0,43787.71,46259.7,42785.0,626220.503,0,
2021-08-10,46800.0,46259.7,45589.99,44670.05,460478.861,0,
2021-08-11,46754.27,45589.99,45522.12,45354.0,390660.571,0,
2021-08-12,46226.67,45522.13,44385.09,43800.0,468276.056,0,
2021-08-13,47980.69,44385.09,47792.52,44208.88,438025.46,0,
2021-08-14,48300.0,47792.52,47083.74,46000.0,374368.796,0,
2021-08-15,47388.75,47083.75,47006.02,45480.0,370950.807,0,
2021-08-16,48074.23,47006.02,45926.23,45682.03,412537.605,0,
2021-08-17,47194.0,45926.23,44704.84,44412.01,474316.4,0,
2021-08-18,46050.0,44704.85,44714.09,44227.32,395836.158,0,
2021-08-19,47100.0,44714.09,46772.0,43938.38,439402.162,0,
2021-08-20,49500.0,46772.0,49332.74,46650.0,401499.081,0,
2021-08-21,49833.0,49332.99,48848.29,48250.0,347594.451,0,
2021-08-22,49556.2,48846.11,49273.28,48075.81,294672.223,0,
2021-08-23,50600.0,49273.28,49523.91,49075.01,355733.496,0,
2021-08-24,49888.88,49523.23,47719.36,47600.0,398682.002,0,
2021-08-25,49297.8,47719.37,48992.65,47130.57,389100.384,0,
2021-08-26,49380.0,48992.65,46853.06,46280.0,475183.123,0,
2021-08-27,49220.0,46854.22,49083.98,46359.97,403667.012,0,
2021-08-28,49333.0,49082.13,48931.99,48395.65,222793.024,0,
2021-08-29,49769.2,48931.99,48795.41,47741.31,315105.499,0,
2021-08-30,48916.25,48795.42,47024.7,46876.49,351830.754,0,
2021-08-31,48298.0,47024.69,47150.32,46731.03,365548.209,0,
2021-09-01,49160.79,47150.32,48842.94,46550.99,350108.374,0,
2021-09-02,50420.0,48842.93,49299.14,48631.2,361863.055,0,
2021-09-03,51111.0,49299.14,50027.08,48333.0,430326.386,0,
2021-09-04,50582.08,50027.09,49940.74,49360.0,274956.842,0,
2021-09-05,51950.0,49942.2,51799.57,49462.59,288984.124,0,
2021-09-06,52830.0,51799.56,52683.97,51040.0,297734.284,0,
2021-09-07,52950.0,52683.98,46864.39,42088.0,764140.139,0,
2021-09-08,47347.0,46864.38,46062.29,44431.0,435803.011,0,
2021-09-09,47400.0,46060.02,46413.88,45500.0,309015.75,0,
2021-09-10,47037.5,46413.88,44860.83,44120.0,343533.069,0,
2021-09-11,45999.0,44860.83,45193.78,44737.4,194144.115,0,
2021-09-12,46512.2,45194.19,46046.73,44746.51,223534.63,0,
2021-09-13,46933.89,46048.02,44975.96,43323.93,448942.068,0,
2021-09-14,47272.98,44975.96,47087.18,44692.9,277925.721,0,
2021-09-15,48440.93,47087.18,48106.12,46675.0,244226.37,0,
2021-09-16,48488.0,48106.13,47745.55,47038.21,260044.727,0,
2021-09-17,48150.0,47745.55,47303.11,46750.0,226193.34,0,
2021-09-18,48850.0,47303.11,48285.15,47044.32,207900.413,0,
2021-09-19,48364.64,48284.61,47256.91,46840.0,212631.933,0,
2021-09-20,47345.0,47256.92,43026.6,42467.86,600764.629,0,
2021-09-21,43629.6,43026.61,40726.1,39503.58,683242.002,0,
2021-09-22,43989.98,40727.83,43520.0,40551.49,400849.752,0,
2021-09-23,44976.48,43520.0,44828.29,43056.0,330253.525,0,
2021-09-24,45134.33,44828.29,42798.49,40650.0,608595.52,0,
2021-09-25,42950.0,42798.49,42651.58,41630.26,277084.795,0,
2021-09-26,43940.0,42646.84,43150.0,40725.01,354393.916,0,
2021-09-27,44350.0,43150.01,42122.69,42059.13,285311.606,0,
2021-09-28,42749.0,42122.69,41006.32,40854.0,359745.538,0,
2021-09-29,42576.8,41002.96,41499.71,40708.73,293307.589,0,
2021-09-30,44100.0,41499.7,43796.57,41387.78,389185.646,0,
2021-10-01,48450.0,43799.49,48123.94,43260.01,449491.768,0,
2021-10-02,48338.68,48123.93,47626.61,47410.0,182565.988,0,
2021-10-03,49304.12,47626.62,48187.3,47071.26,212410.375,0,
2021-10-04,49544.48,48187.99,49198.22,46885.29,324424.837,0,
2021-10-05,51888.0,49199.78,51455.12,49009.21,314043.813,0,
2021-10-06,56416.02,51460.22,55321.6,50410.0,418731.748,0,
2021-10-07,55337.8,55327.45,53814.99,53374.34,262974.545,0,
2021-10-08,56208.73,53814.99,53975.0,53647.3,255210.035,0,
2021-10-09,55589.0,53974.99,54960.77,53656.66,167495.393,0,
2021-10-10,56789.0,54960.79,54700.0,54101.0,289072.818,0,
2021-10-11,57880.0,54700.0,57500.01,54458.0,314868.05,0,
2021-10-12,57756.52,57500.01,56011.84,53750.0,349147.775,0,
2021-10-13,57822.38,56011.83,57393.65,54271.24,327714.318,0,
2021-10-14,58586.67,57393.65,57378.19,56800.0,254719.751,0,
2021-10-15,63997.61,57377.12,61702.33,56900.0,493366.513,0,
2021-10-16,62444.23,61702.33,60925.56,60220.0,213251.899,0,
2021-10-17,61796.47,60925.56,61571.45,58850.0,240132.514,0,
2021-10-18,62800.0,61571.45,62037.92,59897.61,333278.481,0,
2021-10-19,64500.0,62037.92,64316.7,61300.0,379243.718,0,
2021-10-20,67150.0,64314.75,66064.24,63518.81,324737.868,0,
2021-10-21,66750.0,66064.25,62260.33,62000.0,478610.458,0,
2021-10-22,63796.2,62260.33,60734.27,60011.9,350359.527,0,
2021-10-23,61780.0,60734.28,61325.11,59622.0,222553.478,0,
2021-10-24,61550.0,61325.09,60902.82,59504.46,245816.821,0,
2021-10-25,63795.98,60902.82,63127.04,60701.0,234201.1,0,
2021-10-26,63362.06,63129.25,60358.75,59838.05,252256.924,0,
2021-10-27,61550.0,60358.74,58449.36,57865.0,329112.396,0,
2021-10-28,62641.26,58449.36,60622.03,57550.0,333323.116,0,
2021-10-29,63069.71,60622.02,62308.22,60222.0,218355.773,0,
2021-10-30,62415.85,62308.21,61895.19,60631.23,156041.523,0,
2021-10-31,62462.99,61895.19,61348.61,60008.0,183599.524,0,
2021-11-01,62543.58,61347.14,60942.87,59400.0,246158.361,0,
2021-11-02,64349.55,60942.87,63266.69,60659.58,217592.062,0,
2021-11-03,63613.0,63266.69,62946.45,60300.0,211190.183,0,
2021-11-04,63149.0,62946.45,61431.86,60703.0,184677.079,0,
2021-11-05,62671.48,61433.9,61006.0,60762.0,157569.637,0,
2021-11-06,61645.75,61006.0,61511.3,60100.0,154919.118,0,
2021-11-07,63377.58,61511.3,63316.4,61368.26,142878.208,0,
2021-11-08,67932.89,63316.4,67606.96,63308.7,274932.146,0,
2021-11-09,68675.16,67606.96,67009.98,66300.0,231843.834,0,
2021-11-10,69198.7,67010.65,64920.13,62400.51,347835.573,0,
2021-11-11,65646.98,64920.13,64831.3,64147.12,178279.275,0,
2021-11-12,65500.0,64831.2,64156.08,62313.0,264576.325,0,
2021-11-13,65073.24,64156.08,64427.0,63430.01,124466.493,0,
2021-11-14,65569.99,64426.99,65568.39,63640.0,146424.701,0,
2021-11-15,66395.05,65568.38,63654.49,63351.58,210026.602,0,
2021-11-16,63655.77,63654.49,60106.03,58397.14,475025.706,0,
2021-11-17,60848.85,60106.03,60366.96,58336.68,287388.873,0,
2021-11-18,60999.0,60366.97,56921.05,56505.48,412021.672,0,
2021-11-19,58333.0,56921.04,58069.51,55604.0,245356.121,0,
2021-11-20,59873.84,58069.52,59716.29,57372.0,173697.342,0,
2021-11-21,60052.82,59716.28,58661.39,58518.88,143887.271,0,
2021-11-22,59624.56,58648.87,56268.31,55600.0,326184.881,0,
2021-11-23,57888.0,56268.31,57574.23,55250.0,267790.325,0,
2021-11-24,57775.27,57574.24,57165.08,55900.0,194683.757,0,
2021-11-25,59449.62,57165.09,58988.21,57029.0,191912.653,0,
2021-11-26,59186.41,58988.36,53755.65,53500.0,378650.919,0,
2021-11-27,55300.0,53755.66,54738.77,53640.69,155119.117,0,
2021-11-28,57474.76,54738.77,57315.73,53245.0,213600.615,0,
2021-11-29,58924.21,57315.72,57827.98,56715.0,215111.466,0,
2021-11-30,59224.99,57827.97,56975.0,55900.0,337624.148,0,
2021-12-01,59100.0,56978.06,57209.29,56500.0,273959.104,0,
2021-12-02,57428.49,57209.28,56513.57,55800.0,249985.255,0,
2021-12-03,57670.0,56513.56,53612.0,50604.0,374132.016,0,
2021-12-04,53889.69,53611.86,49135.66,40888.89,598774.989,0,
2021-12-05,49699.49,49135.66,49376.6,47755.0,286434.382,0,
2021-12-06,50888.0,49373.83,50424.72,47000.0,357711.029,0,
2021-12-07,51929.0,50424.72,50577.2,50012.0,224670.618,0,
2021-12-08,51210.6,50577.2,50455.61,48533.33,238229.884,0,
2021-12-09,50773.03,50459.61,47539.76,47312.89,273086.086,0,
2021-12-10,50188.42,47539.34,47136.35,46828.23,302974.429,0,
2021-12-11,49499.05,47132.31,49381.15,46724.35,210959.992,0,
2021-12-12,50768.0,49379.51,50057.01,48616.16,183434.285,0,
2021-12-13,50180.0,50057.02,46679.93,45600.0,348551.322,0,
2021-12-14,48657.92,46679.93,48324.04,46255.6,266213.627,0,
2021-12-15,49479.75,48324.0,48870.48,46518.73,345239.891,0,
2021-12-16,49439.79,48870.48,47624.5,47500.0,215874.187,0,
2021-12-17,47988.27,47629.1,46125.33,45373.11,326458.135,0,
2021-12-18,47336.99,46125.33,46815.99,45438.43,191006.415,0,
2021-12-19,48461.17,46815.99,46668.63,46399.37,241698.541,0,
2021-12-20,47533.42,46668.65,46898.14,45530.67,273804.259,0,
2021-12-21,49298.78,46896.82,48875.15,46650.0,260008.358,0,
2021-12-22,49599.0,48875.88,48569.69,48420.02,208463.689,0,
2021-12-23,51377.74,48569.69,50817.92,48020.0,255885.48,0,
2021-12-24,51805.0,50817.94,50808.55,50379.25,220208.725,0,
2021-12-25,51190.0,50809.37,50403.64,50105.0,147662.438,0,
2021-12-26,51300.0,50403.64,50765.73,49350.0,184800.616,0,
2021-12-27,52134.0,50765.73,50707.72,50450.0,216225.263,0,
2021-12-28,50713.56,50707.72,47522.03,47290.0,336083.34,0,
2021-12-29,48125.97,47522.02,46436.54,46000.0,274795.378,0,
2021-12-30,47911.68,46436.53,47095.02,45880.0,229931.288,0,
2021-12-31,48575.0,47095.02,46210.56,45650.0,287186.003,0,
2022-01-01,47943.77,46210.57,47704.35,46210.55,179433.584,0,
2022-01-02,48000.0,47704.35,47280.0,46605.68,184795.093,0,
2022-01-03,47575.22,47280.01,46445.81,45665.4,244781.793,0,
2022-01-04,47524.36,46445.8,45833.42,45445.57,292149.75,0,
2022-01-05,47075.29,45833.41,43421.69,42270.0,485477.569,0,
2022-01-06,43766.0,43421.7,43080.01,42385.83,299509.851,0,
2022-01-07,43135.0,43080.01,41553.86,40456.56,473214.849,0,
2022-01-08,42335.0,41553.87,41688.05,40500.0,283737.224,0,
2022-01-09,42773.85,41688.05,41851.22,41170.0,223134.952,0,
2022-01-10,42219.84,41851.22,41801.55,39610.0,453644.116,0,
2022-01-11,43118.0,41801.55,42700.68,41255.0,323760.691,0,
2022-01-12,44300.0,42700.69,43880.72,42415.0,281339.294,0,
2022-01-13,44396.68,43880.72,42534.32,42301.16,289289.18,0,
2022-01-14,43450.0,42538.72,43042.4,41666.0,272517.077,0,
2022-01-15,43800.0,43042.4,43070.51,42530.64,184649.157,0,
2022-01-16,43464.71,43070.51,43060.66,42531.69,177450.475,0,
2022-01-17,43159.32,43060.66,42176.34,41523.68,232748.345,0,
2022-01-18,42680.0,42176.34,42337.58,41260.0,267472.465,0,
2022-01-19,42545.0,42337.58,41657.89,41115.64,333952.095,0,
2022-01-20,43495.0,41656.9,40661.69,40550.0,399818.052,0,
2022-01-21,41095.76,40662.06,36425.98,35380.92,790320.909,-1,short
2022-01-22,36817.74,36426.46,35043.73,33950.0,676272.904,0,
2022-01-23,36496.92,35043.73,36230.01,34588.8,369372.903,0,
2022-01-24,37528.0,36230.0,36648.31,32853.83,823000.702,-1,short
2022-01-25,37561.03,36648.3,36934.26,35693.0,409535.517,0,
2022-01-26,38886.58,36934.26,36787.43,36232.42,554457.384,0,
2022-01-27,37200.0,36787.42,37131.0,35471.53,422006.922,0,
2022-01-28,38000.0,37131.0,37696.21,36149.02,367509.143,0,
2022-01-29,38750.94,37696.22,38150.01,37252.0,238657.764,0,
2022-01-30,38420.3,38150.0,37870.01,37334.83,195029.125,0,
2022-01-31,38741.73,37870.0,38439.04,36620.0,318440.392,0,
2022-02-01,39260.26,38439.04,38680.51,37969.0,353354.121,0,
2022-02-02,38834.18,38680.51,36892.03,36529.81,337570.934,0,
2022-02-03,37395.0,36892.05,37289.86,36204.3,318656.228,0,
2022-02-04,41741.76,37287.33,41550.0,37011.0,520105.77,0,
2022-02-05,41922.0,41550.0,41374.69,40920.0,242184.07,0,
2022-02-06,42656.8,41374.68,42361.35,41100.0,215323.95,0,
2022-02-07,44541.16,42361.34,43829.99,41609.76,418053.774,0,
2022-02-08,45600.0,43829.99,44021.57,42641.0,468015.421,0,
2022-02-09,44826.0,44021.58,44358.08,43089.08,300270.062,0,
2022-02-10,45847.5,44358.09,43471.29,43136.96,563922.075,0,
2022-02-11,43900.0,43471.3,42366.0,41914.23,414646.193,0,
2022-02-12,42980.0,42365.99,42199.87,41540.0,256269.325,0,
2022-02-13,42755.97,42199.88,42041.13,41850.0,192068.012,0,
2022-02-14,42888.0,42041.12,42525.14,41526.0,303990.933,0,
2022-02-15,44777.0,42525.14,44529.6,42406.23,276735.421,0,
2022-02-16,44536.8,44529.7,43860.7,43277.8,255790.287,0,
2022-02-17,44150.0,43860.8,40491.7,40020.1,433958.984,0,
2022-02-18,40944.1,40491.8,39966.8,39422.0,377679.782,0,
2022-02-19,40438.7,39966.8,40052.6,39610.3,185624.675,0,
2022-02-20,40100.1,40052.6,38368.1,37905.0,329740.444,0,
2022-02-21,39510.0,38367.9,36986.4,36762.0,646391.815,0,
2022-02-22,38450.0,36986.4,38212.0,36310.1,465313.497,0,
2022-02-23,39250.0,38212.1,37227.8,36963.2,408056.255,0,
2022-02-24,40376.1,37227.9,38315.1,34303.7,919820.907,0,
2022-02-25,39750.0,38316.2,39205.4,37999.2,416316.366,0,
2022-02-26,40441.1,39205.4,39099.3,38561.7,251892.201,0,
2022-02-27,39868.6,39099.3,37672.0,36934.6,423197.247,0,
2022-02-28,44341.0,37672.1,43155.0,37414.4,615391.161,0,
2022-03-01,44935.0,43155.0,44394.1,42765.4,448483.646,0,
2022-03-02,45350.0,44393.6,43885.7,43321.0,407603.721,0,
2022-03-03,44080.0,43885.8,42449.5,41831.0,365565.832,0,
2022-03-04,42525.3,42449.6,39127.7,38521.0,469138.374,0,
2022-03-05,39580.0,39127.7,39375.1,38547.6,198747.893,0,
2022-03-06,39690.0,39375.0,38401.1,38056.0,311705.26,0,
2022-03-07,39550.0,38401.1,37963.8,37134.0,490254.516,0,
2022-03-08,39340.5,37963.7,38709.9,37853.0,421462.367,0,
2022-03-09,42647.5,38709.9,41937.5,38638.7,462059.811,0,
2022-03-10,42034.3,41939.5,39407.2,38512.0,520645.186,0,
2022-03-11,40242.0,39407.1,38713.0,38200.1,467078.892,0,
2022-03-12,39578.4,38713.1,38792.6,38630.0,172494.825,0,
2022-03-13,39300.0,38792.7,37743.7,37500.0,236623.694,0,
2022-03-14,39989.0,37743.0,39653.8,37522.1,360058.358,0,
2022-03-15,39901.8,39651.6,39271.0,38073.8,345019.243,0,
2022-03-16,41804.0,39270.9,41105.8,38700.0,650589.661,0,
2022-03-17,41498.4,41105.9,40898.1,40442.8,243988.794,0,
2022-03-18,42322.8,40898.0,41751.5,40084.2,299134.443,0,
2022-03-19,42446.6,41751.6,42188.2,41500.0,186459.954,0,
2022-03-20,42269.3,42188.2,41261.0,40900.0,235774.129,0,
2022-03-21,41544.4,41261.0,40982.0,40430.0,308396.46,0,
2022-03-22,43517.7,40982.0,42349.8,40852.0,374297.674,0,
2022-03-23,43051.0,42349.9,42867.9,41731.3,282631.74,0,
2022-03-24,44200.0,42867.8,43973.4,42525.0,331440.057,0,
2022-03-25,45142.0,43973.2,44290.6,43575.1,348620.122,0,
2022-03-26,44785.0,44290.6,44489.2,44041.0,140712.587,0,
2022-03-27,47047.0,44489.3,46820.8,44416.0,269280.228,0,
2022-03-28,48200.0,46820.9,47121.9,46651.2,317565.782,0,
2022-03-29,48100.0,47121.8,47418.5,46911.0,259040.835,0,
2022-03-30,47688.6,47418.5,47053.2,46535.0,235009.892,0,
2022-03-31,47619.4,47053.1,45506.0,45185.0,299837.61,0,
2022-04-01,46700.0,45505.9,46266.2,44206.2,360734.553,0,
2022-04-02,47236.8,46266.2,45794.6,45600.0,226413.357,0,
2022-04-03,47448.0,45792.3,46392.4,45501.0,212589.013,0,
2022-04-04,46895.5,46392.3,46580.9,45094.0,272796.541,0,
2022-04-05,47188.0,46580.9,45477.4,45300.0,257524.639,0,
2022-04-06,45494.2,45477.5,43159.7,43100.0,384359.375,0,
2022-04-07,43888.0,43159.8,43417.1,42685.0,229567.98,0,
2022-04-08,43968.1,43417.1,42229.2,42074.0,310095.829,0,
2022-04-09,42796.7,42229.1,42727.7,42100.3,119722.654,0,
2022-04-10,43399.4,42727.8,42140.4,41838.0,181904.47,0,
2022-04-11,42399.9,42140.3,39505.6,39136.7,439530.02,0,
2022-04-12,40700.0,39505.6,40060.7,39224.0,349883.631,0,
2022-04-13,41580.0,40060.7,41129.8,39569.8,324910.931,0,
2022-04-14,41474.8,41129.8,39915.9,39522.0,261966.391,0,
2022-04-15,40888.0,39915.9,40529.5,39734.2,194680.671,0,
2022-04-16,40700.0,40529.6,40361.0,39944.9,127705.057,0,
2022-04-17,40574.1,40360.9,39649.1,39510.0,170331.824,0,
2022-04-18,41310.0,39649.1,40785.6,38465.7,362435.319,0,
2022-04-19,41788.0,40785.7,41472.9,40543.7,214404.271,0,
2022-04-20,42166.8,41472.9,41327.7,40800.0,257382.427,0,
2022-04-21,42966.0,41326.0,40449.8,39630.0,393149.956,0,
2022-04-22,40786.1,40449.7,39674.2,39133.0,314935.753,0,
2022-04-23,40000.0,39674.3,39415.1,39259.0,125046.817,0,
2022-04-24,39930.6,39413.8,39433.4,38884.1,180371.762,0,
2022-04-25,40650.0,39433.4,40411.0,38111.0,448877.893,0,
2022-04-26,40800.0,40411.0,38093.7,37671.8,453132.198,0,
2022-04-27,39470.0,38093.7,39209.0,37844.5,385645.365,0,
2022-04-28,40376.6,39209.0,39732.5,38861.8,413543.408,0,
2022-04-29,39924.8,39732.5,38572.2,38160.0,308116.375,0,
2022-04-30,38782.6,38572.2,37614.5,37550.0,181810.382,0,
2022-05-01,38680.6,37614.4,38440.5,37350.0,236549.462,0,
2022-05-02,39222.0,38440.2,38525.6,38032.2,336845.365,0,
2022-05-03,38674.7,38525.5,37712.9,37500.1,248986.222,0,
2022-05-04,40071.7,37713.0,39684.0,37655.2,424498.818,0,
2022-05-05,39845.0,39684.1,36534.7,35388.0,547209.0,0,
2022-05-06,36679.3,36533.7,35995.3,35200.0,431979.24,0,
2022-05-07,36138.0,35995.2,35466.7,34700.0,200264.833,0,
2022-05-08,35504.0,35466.7,34032.0,33665.0,426872.584,0,
2022-05-09,34243.3,34032.1,30056.6,30003.6,1078779.712,-1,short
2022-05-10,32650.0,30056.0,31002.1,29701.4,863178.961,0,
2022-05-11,32197.6,31002.1,29074.7,27651.0,1101875.972,-1,short
2022-05-12,30257.0,29077.9,29020.7,26631.0,964475.589,0,
2022-05-13,31072.6,29020.8,29274.3,28730.4,507620.105,0,
2022-05-14,30352.2,29274.2,30079.8,28602.3,315756.895,0,
2022-05-15,31462.0,30079.5,31324.4,29448.0,336773.139,0,
2022-05-16,31327.4,31324.3,29866.7,29052.3,507243.166,0,
2022-05-17,30794.0,29866.4,30437.0,29420.0,398624.519,0,
2022-05-18,30700.0,30437.0,28700.6,28629.6,426700.457,0,
2022-05-19,30550.0,28700.6,30319.9,28670.5,448856.724,0,
2022-05-20,30784.4,30319.9,29188.9,28702.0,485439.171,0,
2022-05-21,29650.0,29188.9,29427.4,28927.0,202804.089,0,
2022-05-22,30500.0,29427.4,30284.0,29223.6,297116.44,0,
2022-05-23,30658.0,30284.0,29097.7,28840.7,475720.75,0,
2022-05-24,29887.3,29097.8,29643.1,28637.6,382124.449,0,
2022-05-25,30246.7,29643.0,29536.7,29330.0,413459.484,0,
2022-05-26,29877.0,29536.7,29194.0,27952.1,602137.086,0,
2022-05-27,29387.0,29194.0,28623.2,28259.6,506638.884,0,
2022-05-28,29265.7,28623.3,29018.8,28520.0,193644.283,0,
2022-05-29,29595.2,29018.8,29452.8,28825.0,215139.934,0,
2022-05-30,32307.6,29452.6,31726.5,29301.1,502712.176,0,
2022-05-31,32427.5,31726.5,31797.8,31222.0,383688.265,0,
2022-06-01,31986.1,31797.9,29796.9,29300.0,556992.756,0,
2022-06-02,30750.0,29796.9,30437.1,29566.1,370924.687,0,
2022-06-03,30693.2,30437.1,29682.8,29220.0,357110.377,0,
2022-06-04,29988.0,29682.8,29848.4,29456.0,187520.534,0,
2022-06-05,30250.0,29848.5,29909.9,29524.0,205385.831,0,
2022-06-06,31780.0,29910.0,31361.2,29876.2,436522.874,0,
2022-06-07,31599.0,31361.2,31118.1,29190.0,691714.985,0,
2022-06-08,31325.0,31118.0,30192.5,29825.0,455686.637,0,
2022-06-09,30691.9,30192.6,30093.3,29914.5,307312.175,0,
2022-06-10,30374.1,30093.4,29077.7,28805.0,445928.659,0,
2022-06-11,29427.9,29077.7,28416.7,28080.0,391367.814,0,
2022-06-12,28530.3,28416.6,26564.7,26538.7,560834.131,0,
2022-06-13,26877.0,26564.7,22471.5,21900.0,1622521.56,-1,short
2022-06-14,23424.2,22471.4,22122.7,20823.0,1247609.796,0,
2022-06-15,22800.0,22122.7,22567.5,20100.2,1509301.169,-1,short
2022-06-16,23000.0,22567.5,20387.4,20222.0,882634.22,0,
2022-06-17,21388.0,20387.4,20457.3,20228.0,776153.257,0,
2022-06-18,20768.4,20457.3,18959.7,17593.2,1268591.388,0,
2022-06-19,20821.0,18959.7,20564.2,17935.9,1089275.674,0,
2022-06-20,21099.9,20564.3,20570.1,19630.0,935816.13,0,
2022-06-21,21740.0,20570.0,20713.1,20337.8,787173.936,0,
2022-06-22,20888.0,20713.1,19977.4,19745.7,812184.193,0,
2022-06-23,21250.0,19977.5,21096.6,19874.0,698753.04,0,
2022-06-24,21563.5,21096.6,21231.2,20732.5,645450.778,0,
2022-06-25,21627.6,21231.2,21481.9,20894.0,434117.447,0,
2022-06-26,21888.0,21481.9,21029.1,20952.0,442787.736,0,
2022-06-27,21560.0,21029.1,20730.0,20500.0,539335.009,0,
2022-06-28,21198.0,20730.0,20268.6,20188.0,582916.108,0,
2022-06-29,20430.0,20268.7,20109.9,19817.2,608905.99,0,
2022-06-30,20165.0,20109.9,19923.5,18563.0,859981.415,0,
2022-07-01,20926.4,19923.3,19272.0,18948.8,915399.363,0,
2022-07-02,19456.0,19272.0,19240.9,18959.0,382851.525,0,
2022-07-03,19645.4,19241.0,19305.9,18780.1,449508.331,0,
2022-07-04,20350.0,19306.0,20226.6,19046.3,633310.187,0,
2022-07-05,20749.2,20226.3,20170.0,19291.6,854238.867,0,
2022-07-06,20667.6,20170.1,20554.1,19753.0,682076.458,0,
2022-07-07,21830.0,20554.2,21613.4,20244.9,699841.616,0,
2022-07-08,22579.9,21614.5,21587.9,21175.2,848144.495,0,
2022-07-09,22000.0,21587.8,21580.0,21309.6,393372.366,0,
2022-07-10,21594.2,21580.0,20853.8,20600.0,468176.539,0,
2022-07-11,20853.9,20853.8,19954.3,19870.0,561245.987,0,
2022-07-12,20048.9,19954.3,19322.9,19228.3,640560.723,0,
2022-07-13,20401.6,19322.9,20220.1,18901.0,975938.165,0,
2022-07-14,20900.0,20220.1,20578.6,19600.0,765989.53,0,
2022-07-15,21200.0,20578.6,20823.1,20364.3,626763.692,0,
2022-07-16,21580.0,20823.1,21183.5,20471.0,539206.87,0,
2022-07-17,21674.1,21183.6,20794.4,20742.0,485537.728,0,
2022-07-18,22800.0,20794.4,22423.9,20764.4,982867.734,0,
2022-07-19,23817.9,22423.5,23385.9,21575.0,1124029.082,0,
2022-07-20,24277.0,23385.9,23221.5,22912.4,946647.815,0,
2022-07-21,23441.1,23221.5,23144.5,22340.2,723543.466,0,
2022-07-22,23750.0,23144.5,22675.1,22500.0,633907.934,0,
2022-07-23,22990.0,22675.0,22440.2,21933.5,505887.673,0,
2022-07-24,22999.0,22440.1,22570.6,22256.4,462958.953,0,
2022-07-25,22656.8,22570.6,21300.0,21232.0,695770.655,0,
2022-07-26,21334.4,21300.0,21241.0,20689.6,552498.903,0,
2022-07-27,23100.0,21241.0,22941.1,21031.0,753370.303,0,
2022-07-28,24194.6,22941.1,23836.2,22583.1,756741.836,0,
2022-07-29,24500.0,23836.2,23771.1,23426.3,642337.051,0,
2022-07-30,24700.0,23771.0,23629.9,23505.0,493824.816,0,
2022-07-31,24187.3,23630.0,23290.1,23222.0,385969.85,0,
2022-08-01,23497.0,23290.1,23257.6,22836.2,498378.292,0,
2022-08-02,23448.7,23257.6,22975.1,22603.0,625227.912,0,
2022-08-03,23650.0,22975.1,22801.5,22665.3,569261.768,0,
2022-08-04,23211.3,22801.5,22608.9,22370.0,548268.816,0,
2022-08-05,23450.0,22608.9,23298.1,22580.6,593992.13,0,
2022-08-06,23341.8,23298.0,22943.3,22883.6,227659.394,0,
2022-08-07,23400.0,22943.2,23167.8,22830.9,271512.062,0,
2022-08-08,24243.0,23167.9,23804.4,23153.1,565084.219,0,
2022-08-09,23913.4,23804.3,23140.2,22850.0,498286.943,0,
2022-08-10,24235.2,23140.1,23940.9,22608.0,760738.204,0,
2022-08-11,24972.0,23941.0,23917.2,23840.6,760455.245,0,
2022-08-12,24438.8,23917.3,24387.5,23560.0,477734.045,0,
2022-08-13,24879.0,24387.5,24429.0,24267.5,431093.659,0,
2022-08-14,25065.0,24429.0,24294.1,24138.0,437314.32,0,
2022-08-15,25200.0,24294.1,24085.2,23762.0,739390.721,0,
2022-08-16,24234.0,24085.2,23843.0,23650.0,460919.994,0,
2022-08-17,24437.0,23843.0,23333.1,23170.0,640600.903,0,
2022-08-18,23595.0,23333.1,23185.1,23101.0,347699.006,0,
2022-08-19,23200.0,23185.0,20824.9,20760.0,906609.825,0,
2022-08-20,21368.9,20825.0,21127.8,20742.9,490507.042,0,
2022-08-21,21804.6,21127.7,21505.6,21055.0,424282.424,0,
2022-08-22,21550.0,21505.6,21387.0,20858.6,588764.597,0,
2022-08-23,21667.2,21387.0,21518.2,20874.8,609745.27,0,
2022-08-24,21925.6,21518.2,21354.9,21132.3,502728.198,0,
2022-08-25,21810.9,21355.0,21548.3,21295.3,415757.992,0,
2022-08-26,21867.6,21548.3,20228.7,20100.0,896474.356,0,
2022-08-27,20367.7,20228.7,20023.9,19744.0,469598.024,0,
2022-08-28,20155.0,20024.0,19547.5,19508.0,386405.195,0,
2022-08-29,20440.0,19547.5,20275.5,19539.4,598076.669,0,
2022-08-30,20574.0,20275.5,19803.1,19524.4,767714.993,0,
2022-08-31,20496.0,19803.2,20041.5,19787.9,711639.339,0,
2022-09-01,20198.3,20041.4,20122.5,19555.0,691594.721,0,
2022-09-02,20434.3,20122.6,19941.0,19736.0,669047.816,0,
2022-09-03,20050.0,19941.0,19820.7,19628.7,285240.989,0,
2022-09-04,20022.4,19820.7,19992.7,19570.0,396798.184,0,
2022-09-05,20046.7,19992.7,19784.9,19620.2,446706.41,0,
2022-09-06,20174.7,19784.9,18781.5,18600.0,945489.142,0,
2022-09-07,19455.0,18781.4,19287.0,18500.0,595636.693,0,
2022-09-08,19450.0,19287.0,19309.3,19003.8,537268.644,0,
2022-09-09,21666.0,19309.3,21352.0,19283.0,992497.1,0,
2022-09-10,21825.0,21352.0,21639.5,21112.2,491543.206,0,
2022-09-11,21883.4,21639.5,21820.3,21336.0,420979.326,0,
2022-09-12,22474.0,21820.3,22386.0,21540.0,818601.932,0,
2022-09-13,22850.0,22386.0,20162.5,19840.0,1218769.927,0,
2022-09-14,20528.5,20162.6,20217.0,19600.0,661802.597,0,
2022-09-15,20315.0,20217.0,19690.8,19453.0,665862.067,0,
2022-09-16,19878.0,19690.8,19792.5,19300.0,544608.804,0,
2022-09-17,20182.6,19792.4,20102.0,19739.4,334678.558,0,
2022-09-18,20105.3,20102.0,19404.5,19325.8,499916.474,0,
2022-09-19,19686.3,19404.5,19528.6,18215.0,993776.352,0,
2022-09-20,19625.0,19528.6,18866.8,18690.1,794623.932,0,
2022-09-21,20154.1,18866.7,18447.5,18084.3,1168068.979,0,
2022-09-22,19504.8,18447.5,19392.5,18345.2,852898.391,0,
2022-09-23,19492.0,19392.5,19280.7,18518.5,838493.746,0,
2022-09-24,19304.5,19280.7,18911.0,18798.0,377158.215,0,
2022-09-25,19196.0,18910.9,18799.7,18621.0,410461.603,0,
2022-09-26,19311.5,18799.7,19216.3,18671.0,777807.518,0,
2022-09-27,20375.0,19216.3,19070.1,18801.5,1300566.158,0,
2022-09-28,19787.6,19070.1,19407.3,18460.0,1141222.772,0,
2022-09-29,19648.8,19407.4,19582.5,18827.2,991678.224,0,
2022-09-30,20172.7,19582.5,19411.7,19066.0,1071462.934,0,
2022-10-01,19474.0,19411.6,19304.0,19140.0,294457.009,0,
2022-10-02,19389.0,19304.0,19049.4,18896.0,414970.451,0,
2022-10-03,19723.7,19049.3,19622.0,18950.8,621816.329,0,
2022-10-04,20500.0,19621.9,20333.0,19480.1,796678.762,0,
2022-10-05,20356.1,20332.9,20150.0,19707.0,719577.149,0,
2022-10-06,20443.9,20149.9,19954.0,19843.3,782034.669,0,
2022-10-07,20067.0,19954.0,19520.9,19304.4,673407.102,0,
2022-10-08,19619.6,19520.9,19406.2,19200.0,253257.201,0,
2022-10-09,19550.0,19406.3,19430.0,19310.0,267178.795,0,
2022-10-10,19513.0,19430.0,19124.0,19000.0,560920.904,0,
2022-10-11,19260.0,19124.1,19055.0,18850.0,603358.324,0,
2022-10-12,19240.0,19055.0,19148.0,18924.3,406770.288,0,
2022-10-13,19498.6,19148.1,19365.5,17917.8,1104615.001,0,
2022-10-14,19947.9,19365.4,19164.6,19059.6,861453.21,0,
2022-10-15,19218.8,19164.6,19060.4,18966.0,241520.185,0,
2022-10-16,19415.9,19060.4,19251.9,19058.0,267921.192,0,
2022-10-17,19666.0,19251.8,19540.6,19148.0,502319.759,0,
2022-10-18,19706.4,19540.7,19320.9,19081.0,634343.154,0,
2022-10-19,19349.8,19320.9,19116.7,19050.0,404370.458,0,
2022-10-20,19350.0,19116.6,19034.7,18882.4,537627.048,0,
2022-10-21,19240.0,19034.8,19150.9,18600.0,581878.905,0,
2022-10-22,19250.0,19151.0,19195.1,19103.5,174055.042,0,
2022-10-23,19690.0,19195.1,19560.7,19050.0,358611.542,0,
2022-10-24,19593.3,19560.6,19318.1,19146.0,476676.536,0,
2022-10-25,20415.0,19318.1,20068.3,19228.0,777306.534,0,
2022-10-26,21030.0,20068.3,20758.3,20041.1,841864.982,0,
2022-10-27,20863.7,20758.4,20285.5,20170.0,614910.045,0,
2022-10-28,20740.0,20285.6,20582.8,19951.0,595538.882,0,
2022-10-29,21088.0,20582.7,20796.7,20547.8,482217.17,0,
2022-10-30,20925.2,20796.7,20615.6,20503.0,295389.69,0,
2022-10-31,20838.7,20615.5,20482.0,20225.4,478797.266,0,
2022-11-01,20687.0,20482.1,20472.1,20320.0,314676.187,0,
2022-11-02,20796.0,20472.1,20140.1,20050.0,651535.761,0,
2022-11-03,20400.0,20140.2,20199.7,20026.0,372121.061,0,
2022-11-04,21297.0,20199.8,21137.6,20171.6,824515.215,0,
2022-11-05,21473.7,21137.6,21289.9,21071.1,303983.372,0,
2022-11-06,21355.8,21289.8,20900.0,20863.3,277148.646,0,
2022-11-07,21062.6,20900.0,20578.6,20374.0,554408.316,0,
2022-11-08,20685.0,20578.5,18534.0,16830.0,2046476.313,0,
2022-11-09,18574.9,18533.9,15905.0,15462.6,2065606.412,0,
2022-11-10,18230.0,15905.0,17588.0,15730.0,1497093.602,0,
2022-11-11,17678.0,17588.0,17058.3,16343.0,955344.602,0,
2022-11-12,17110.8,17058.4,16806.9,16623.8,304455.717,0,
2022-11-13,16950.0,16806.9,16321.2,16210.3,349742.836,0,
2022-11-14,17188.0,16321.3,16605.2,15805.5,934392.484,0,
2022-11-15,17127.2,16605.3,16888.3,16516.7,649349.458,0,
2022-11-16,17007.4,16888.3,16650.6,16358.0,537241.645,0,
2022-11-17,16741.7,16650.7,16682.1,16403.3,408989.285,0,
2022-11-18,16984.4,16682.1,16689.7,16541.1,388612.842,0,
2022-11-19,16814.5,16689.7,16692.9,16543.8,171822.915,0,
2022-11-20,16743.9,16693.0,16272.6,16167.1,327599.214,0,
2022-11-21,16304.3,16272.7,15773.0,15443.2,790219.365,0,
2022-11-22,16309.0,15772.9,16220.6,15610.3,579333.644,0,
2022-11-23,16703.4,16220.5,16595.8,16155.5,546714.91,0,
2022-11-24,16800.0,16595.8,16592.4,16450.0,351024.418,0,
2022-11-25,16639.9,16592.5,16516.1,16331.7,306560.116,0,
2022-11-26,16699.1,16516.2,16449.2,16369.1,253401.659,0,
2022-11-27,16594.2,16449.2,16422.6,16396.0,189370.345,0,
2022-11-28,16475.0,16422.5,16204.5,15984.1,497137.869,0,
2022-11-29,16543.0,16204.6,16433.2,16088.0,391410.854,0,
2022-11-30,17248.3,16433.3,17153.3,16421.5,620324.95,0,
2022-12-01,17348.5,17153.4,16970.5,16851.2,411051.309,0,
2022-12-02,17096.3,16970.5,17083.0,16760.0,335039.215,0,
2022-12-03,17160.0,17083.0,16879.5,16850.1,185257.242,0,
2022-12-04,17206.2,16879.5,17099.5,16874.1,292090.868,0,
2022-12-05,17430.0,17099.5,16958.3,16860.6,519961.39,0,
2022-12-06,17100.0,16958.2,17078.6,16899.9,321330.613,0,
2022-12-07,17130.0,17078.7,16828.0,16655.0,337778.925,0,
2022-12-08,17294.9,16828.0,17216.0,16710.4,402157.335,0,
2022-12-09,17365.4,17216.0,17122.0,17052.0,290231.183,0,
2022-12-10,17228.6,17122.0,17120.0,17081.0,141895.207,0,
2022-12-11,17265.0,17120.1,17077.3,17060.0,171004.111,0,
2022-12-12,17237.9,17077.3,17200.0,16865.0,335856.258,0,
2022-12-13,18100.0,17200.0,17777.1,17076.0,596851.291,0,
2022-12-14,18400.0,17777.1,17803.9,17659.4,627511.699,0,
2022-12-15,17849.5,17804.0,17351.8,17258.0,437284.037,0,
2022-12-16,17528.0,17351.9,16624.1,16521.1,622150.245,0,
2022-12-17,16790.0,16624.1,16768.0,16571.8,248465.273,0,
2022-12-18,16872.0,16768.1,16730.3,16656.0,185898.213,0,
2022-12-19,16809.6,16730.4,16429.2,16210.0,344728.552,0,
2022-12-20,17049.6,16429.2,16887.2,16390.3,476171.098,0,
2022-12-21,16924.2,16887.3,16819.6,16694.2,227752.335,0,
2022-12-22,16861.9,16819.7,16815.5,16556.1,306610.961,0,
2022-12-23,16960.0,16815.5,16776.4,16690.0,264553.42,0,
2022-12-24,16859.9,16776.3,16828.9,16774.4,82410.79,0,
2022-12-25,16850.0,16829.0,16824.4,16700.0,144075.843,0,
2022-12-26,16936.8,16824.5,16912.9,16781.1,148128.699,0,
2022-12-27,16968.0,16912.8,16698.2,16580.0,262828.564,0,
2022-12-28,16778.3,16698.2,16539.0,16455.6,344649.858,0,
2022-12-29,16659.0,16538.9,16630.3,16485.1,208591.531,0,
2022-12-30,16666.6,16630.3,16601.2,16320.0,295630.49,0,
2022-12-31,16640.0,16601.2,16537.6,16461.8,134462.156,0,
2023-01-01,16618.8,16537.5,16610.3,16488.0,105502.965,0,
2023-01-02,16799.0,16610.4,16666.0,16541.2,215161.176,0,
2023-01-03,16774.0,16665.9,16667.2,16600.3,203070.205,0,
2023-01-04,16984.6,16667.3,16842.1,16645.7,349747.838,0,
2023-01-05,16872.8,16842.2,16823.8,16740.4,176369.347,0,
2023-01-06,17030.0,16823.8,16943.8,16664.8,316973.629,0,
2023-01-07,16973.6,16943.9,16936.5,16900.1,77973.105,0,
2023-01-08,17181.1,16936.5,17124.7,16905.0,157717.318,0,
2023-01-09,17387.8,17124.6,17169.7,17098.2,400277.809,0,
2023-01-10,17485.4,17169.6,17428.8,17140.4,297320.371,0,
2023-01-11,18013.2,17428.8,17935.7,17306.4,386277.106,0,
2023-01-12,19120.0,17935.6,18838.0,17902.4,1040334.76,0,
2023-01-13,19997.8,18838.1,19924.2,18711.0,806807.832,0,
2023-01-14,21544.0,19924.3,20962.8,19882.6,1010666.683,1,long
2023-01-15,21073.8,20962.8,20882.7,20556.0,428486.559,0,
2023-01-16,21498.0,20882.7,21188.3,20606.6,666148.201,0,
2023-01-17,21640.0,21188.2,21130.9,20827.8,547390.593,0,
2023-01-18,21672.0,21130.8,20680.0,20386.0,813785.517,0,
2023-01-19,21183.9,20680.1,21068.3,20659.9,374733.617,0,
2023-01-20,22750.0,21068.3,22661.1,20856.4,723645.2,0,
2023-01-21,23390.0,22661.0,22781.9,22422.0,764681.1,0,
2023-01-22,23080.2,22781.8,22704.6,22287.0,482529.811,0,
2023-01-23,23193.1,22704.7,22913.1,22500.0,525802.84,0,
2023-01-24,23158.7,22913.3,22627.4,22450.0,505615.816,0,
2023-01-25,23837.4,22627.5,23060.6,22310.5,692786.607,0,
2023-01-26,23278.7,23060.6,23001.9,22843.8,427760.786,0,
2023-01-27,23500.0,23001.9,23068.0,22516.6,509920.307,0,
2023-01-28,23185.0,23068.1,23015.9,22870.8,186400.943,0,
2023-01-29,23962.7,23016.0,23740.3,22961.5,562028.231,0,
2023-01-30,23804.6,23740.2,22819.9,22484.2,572537.407,0,
2023-01-31,23330.0,22819.9,23119.4,22715.3,403726.966,0,
2023-02-01,23852.4,23119.5,23730.0,22747.0,571429.711,0,
2023-02-02,24281.4,23730.1,23493.1,23365.0,615740.338,0,
2023-02-03,23719.9,23493.0,23424.7,23201.0,470831.438,0,
2023-02-04,23591.4,23424.7,23322.6,23250.0,197118.393,0,
2023-02-05,23436.0,23322.6,22929.2,22741.0,356665.034,0,
2023-02-06,23159.4,22929.3,22757.7,22600.0,417160.143,0,
2023-02-07,23368.6,22757.8,23234.1,22742.4,447273.494,0,
2023-02-08,23450.0,23234.1,22955.9,22662.9,383465.481,0,
2023-02-09,23007.8,22955.9,21793.4,21684.7,732295.35,0,
2023-02-10,21933.8,21793.3,21618.6,21405.0,439986.497,0,
2023-02-11,21891.9,21618.6,21851.3,21594.4,189249.667,0,
2023-02-12,22080.9,21851.2,21771.1,21618.0,276787.093,0,
2023-02-13,21888.0,21771.0,21766.2,21338.0,511595.693,0,
2023-02-14,22320.0,21766.1,22187.4,21485.2,598791.509,0,
2023-02-15,24420.0,22187.4,24332.6,22038.5,824676.471,0,
2023-02-16,25290.0,24332.7,23526.6,23518.0,959463.159,0,
2023-02-17,25043.2,23526.6,24581.5,23350.0,922717.148,0,
2023-02-18,24887.5,24581.3,24636.9,24430.6,261555.556,0,
2023-02-19,25200.0,24636.8,24265.9,24179.4,543506.628,0,
2023-02-20,25140.0,24265.9,24849.9,23827.0,646401.072,0,
2023-02-21,25347.6,24849.9,24443.4,24150.0,729290.575,0,
2023-02-22,24468.5,24443.3,24171.3,23572.0,730414.101,0,
2023-02-23,24588.0,24171.3,23928.8,23590.0,751339.414,0,
2023-02-24,24138.6,23928.7,23175.6,22800.0,731577.942,0,
2023-02-25,23210.5,23175.5,23146.2,22700.0,310795.648,0,
2023-02-26,23675.0,23146.2,23545.3,23050.0,371395.056,0,
2023-02-27,23888.0,23545.2,23480.0,23088.0,576754.966,0,
2023-02-28,23592.8,23480.0,23129.6,23010.0,456919.838,0,
2023-03-01,24022.7,23129.7,23619.8,23008.4,617250.311,0,
2023-03-02,23790.5,23619.8,23457.1,23183.0,419256.601,0,
2023-03-03,23468.5,23457.1,22342.8,21883.2,608518.137,0,
2023-03-04,22400.0,22342.8,22335.7,22147.5,175309.211,0,
2023-03-05,22650.0,22335.8,22419.4,22174.9,282261.745,0,
2023-03-06,22594.5,22419.3,22397.1,22240.1,298976.397,0,
2023-03-07,22550.0,22397.1,22187.1,21908.0,548494.099,0,
2023-03-08,22276.4,22187.1,21695.4,21540.5,547867.967,0,
2023-03-09,21823.0,21695.3,20348.3,20003.5,951903.36,0,
2023-03-10,20351.8,20348.4,20140.3,19521.6,1238135.265,0,
2023-03-11,20674.5,20140.3,20447.3,19752.5,753479.558,0,
2023-03-12,22184.0,20447.3,21986.2,20262.2,881522.402,0,
2023-03-13,24517.2,21986.2,24119.5,21804.0,1534982.176,0,
2023-03-14,26489.9,24119.5,24682.5,23951.0,1572562.635,0,
2023-03-15,25200.0,24682.5,24288.0,23888.0,1102056.429,0,
2023-03-16,25167.9,24287.9,24990.4,24120.5,735446.946,0,
2023-03-17,27763.4,24990.5,27384.0,24875.3,1341159.064,0,
2023-03-18,27726.4,27383.9,26907.0,26555.5,740232.316,0,
2023-03-19,28397.0,26907.0,27955.7,26815.9,759367.078,0,
2023-03-20,28483.2,27955.8,27704.1,27120.6,937223.448,0,
2023-03-21,28460.0,27704.1,28091.1,27288.0,685487.714,0,
2023-03-22,28881.0,28091.1,27233.8,26590.0,1080393.27,0,
2023-03-23,28777.0,27233.8,28284.1,27101.0,808174.047,0,
2023-03-24,28369.1,28284.0,27438.9,26960.0,696075.37,0,
2023-03-25,27788.0,27439.0,27447.3,27131.8,335674.055,0,
2023-03-26,28186.9,27447.2,27954.3,27400.0,399756.985,0,
2023-03-27,28019.4,27954.3,27112.0,26480.0,642434.822,0,
2023-03-28,27500.0,27112.0,27249.7,26610.0,585080.772,0,
2023-03-29,28649.9,27249.7,28338.5,27223.6,655852.971,0,
2023-03-30,29184.8,28338.6,28015.0,27654.1,770966.1,0,
2023-03-31,28675.3,28015.0,28454.9,27500.0,611557.29,0,
2023-04-01,28845.3,28454.8,28443.8,28180.0,256487.222,0,
2023-04-02,28516.5,28443.7,28161.2,27820.0,316658.67,0,
2023-04-03,28540.0,28161.3,27786.1,27166.0,741665.563,0,
2023-04-04,28450.0,27786.1,28155.2,27650.2,432370.612,0,
2023-04-05,28800.0,28155.1,28154.0,27775.0,543712.838,0,
2023-04-06,28175.0,28154.0,28022.8,27684.2,355916.782,0,
2023-04-07,28096.0,28022.9,27890.7,27755.0,219250.178,0,
2023-04-08,28153.6,27890.7,27924.9,27850.1,159129.56,0,
2023-04-09,28539.1,27924.9,28309.4,27762.8,305861.88,0,
2023-04-10,29840.0,28309.4,29623.1,28153.6,580061.925,0,
2023-04-11,30564.0,29623.1,30185.1,29573.9,628978.491,0,
2023-04-12,30480.0,30185.1,29875.0,29620.0,563668.43,0,
2023-04-13,30648.9,29874.9,30362.7,29836.7,436182.494,0,
2023-04-14,31059.0,30362.7,30453.1,29925.0,615391.615,0,
2023-04-15,30599.9,30453.0,30280.4,30186.0,180234.082,0,
2023-04-16,30560.0,30280.4,30286.6,30102.0,210226.019,0,
2023-04-17,30307.4,30286.6,29420.0,29219.9,455518.548,0,
2023-04-18,30480.0,29420.1,30365.8,29078.1,533189.27,0,
2023-04-19,30410.0,30365.8,28795.1,28557.3,643866.11,0,
2023-04-20,29078.0,28795.0,28229.9,27983.0,639179.286,0,
2023-04-21,28368.9,28229.9,27252.5,27100.0,687832.833,0,
2023-04-22,27888.0,27252.6,27807.2,27126.0,345549.021,0,
2023-04-23,27807.3,27807.2,27576.0,27279.7,332082.355,0,
2023-04-24,28000.0,27575.9,27497.5,26919.3,581268.268,0,
2023-04-25,28379.9,27497.4,28286.7,27176.6,508254.515,0,
2023-04-26,30048.2,28286.7,28395.9,27200.0,1284924.668,0,
2023-04-27,29898.0,28396.0,29459.0,28365.3,952584.739,0,
2023-04-28,29591.1,29459.0,29300.0,28870.0,508350.155,0,
2023-04-29,29443.9,29300.0,29212.7,29000.4,218013.244,0,
2023-04-30,29950.0,29212.7,29223.0,29067.4,417798.846,0,
2023-05-01,29325.5,29223.0,28054.4,27650.0,624974.488,0,
2023-05-02,28888.0,28054.5,28656.5,27854.0,513546.269,0,
2023-05-03,29258.4,28656.4,29018.4,28080.0,676466.23,0,
2023-05-04,29380.0,29018.4,28826.0,28660.0,426425.584,0,
2023-05-05,29693.0,28826.0,29491.5,28618.3,578485.177,0,
2023-05-06,29840.0,29491.5,28837.8,28333.0,475628.901,0,
2023-05-07,29137.0,28837.9,28419.4,28370.0,308410.643,0,
2023-05-08,28624.6,28419.5,27659.8,27250.0,658188.777,0,
2023-05-09,27815.6,27659.8,27610.2,27316.8,367664.686,0,
2023-05-10,28297.0,27610.2,27582.9,26666.6,722502.676,0,
2023-05-11,27630.0,27583.0,26956.4,26688.8,538822.363,0,
2023-05-12,27090.0,26956.4,26785.1,25751.0,615645.508,0,
2023-05-13,27051.5,26785.2,26762.7,26674.9,242694.929,0,
2023-05-14,27200.0,26762.8,26901.9,26557.0,247579.427,0,
2023-05-15,27650.0,26901.9,27152.5,26694.4,450263.076,0,
2023-05-16,27284.7,27152.5,27024.8,26832.0,373172.951,0,
2023-05-17,27500.0,27024.7,27395.8,26527.5,490065.218,0,
2023-05-18,27482.7,27395.7,26809.3,26335.3,544971.979,0,
2023-05-19,27180.0,26809.4,26870.1,26611.2,324097.956,0,
2023-05-20,27144.4,26870.1,27089.5,26813.5,137515.354,0,
2023-05-21,27288.0,27089.6,26732.8,26642.0,238776.425,0,
2023-05-22,27097.8,26732.8,26840.2,26500.0,328030.52,0,
2023-05-23,27527.5,26840.2,27209.9,26782.6,369176.618,0,
2023-05-24,27212.9,27209.9,26313.8,26060.0,535191.677,0,
2023-05-25,26644.0,26313.9,26461.8,25850.0,394535.225,0,
2023-05-26,26925.0,26461.7,26689.9,26313.9,324475.546,0,
2023-05-27,26890.0,26689.8,26841.6,26528.6,163681.935,0,
2023-05-28,28252.8,26841.6,28055.7,26746.0,440115.394,0,
2023-05-29,28442.0,28055.8,27722.0,27513.5,411290.549,0,
2023-05-30,28038.6,27722.1,27680.1,27530.0,334379.313,0,
2023-05-31,27825.0,27680.0,27201.1,26826.0,471381.89,0,
2023-06-01,27347.9,27201.1,26805.3,26600.0,404787.572,0,
2023-06-02,27290.0,26805.3,27227.8,26477.6,391110.093,0,
2023-06-03,27340.2,27227.8,27054.9,26900.0,182464.1,0,
2023-06-04,27460.0,27054.9,27102.4,26935.3,218271.544,0,
2023-06-05,27125.0,27102.4,25714.7,25360.1,700502.548,0,
2023-06-06,27358.1,25714.6,27221.5,25321.6,731445.649,0,
2023-06-07,27394.4,27221.5,26325.9,26111.0,660044.537,0,
2023-06-08,26800.0,26325.9,26485.9,26195.4,333104.839,0,
2023-06-09,26775.0,26486.0,26468.1,26236.0,283719.198,0,
2023-06-10,26525.0,26468.2,25826.6,25300.0,608917.569,0,
2023-06-11,26199.0,25826.6,25909.9,25621.3,279365.563,0,
2023-06-12,26097.7,25910.0,25894.8,25600.0,298900.468,0,
2023-06-13,26430.5,25894.8,25918.0,25708.0,434536.754,0,
2023-06-14,26099.3,25918.0,25115.9,24796.8,464681.602,0,
2023-06-15,25750.0,25115.9,25586.1,24777.0,473971.375,0,
2023-06-16,26526.9,25586.0,26336.0,25142.1,533144.956,0,
2023-06-17,26900.0,26335.9,26508.9,26170.8,305738.396,0,
2023-06-18,26709.4,26508.8,26329.7,26230.9,241977.484,0,
2023-06-19,27077.0,26329.6,26828.5,26241.2,400533.758,0,
2023-06-20,28397.8,26828.6,28290.6,26633.9,758176.297,0,
2023-06-21,30822.0,28290.7,29988.5,28236.4,1123474.427,0,
2023-06-22,30488.0,29988.5,29875.0,29500.1,561051.742,0,
2023-06-23,31500.0,29875.0,30673.4,29792.0,699073.071,0,
2023-06-24,30796.5,30673.5,30524.2,30222.0,279539.288,0,
2023-06-25,31053.2,30524.2,30458.0,30252.6,301533.154,0,
2023-06-26,30667.3,30458.0,30260.1,29890.1,415099.356,0,
2023-06-27,30998.5,30260.1,30683.2,30213.0,406073.348,0,
2023-06-28,30701.8,30683.2,30066.3,29804.6,416656.434,0,
2023-06-29,30837.0,30066.3,30439.9,30036.1,382072.846,0,
2023-06-30,31300.0,30439.9,30460.2,29500.0,809331.305,0,
2023-07-01,30668.2,30460.2,30573.6,30311.3,135520.246,0,
2023-07-02,30800.0,30573.6,30612.7,30149.9,231866.188,0,
2023-07-03,31395.2,30612.7,31149.0,30559.4,370293.236,0,
2023-07-04,31319.4,31149.0,30756.1,30600.0,300832.26,0,
2023-07-05,30875.2,30756.1,30488.4,30175.8,294896.578,0,
2023-07-06,31568.0,30488.4,29874.4,29818.0,721267.219,0,
2023-07-07,30443.6,29874.3,30327.9,29680.0,337801.654,0,
2023-07-08,30380.0,30328.0,30269.3,30026.8,138734.493,0,
2023-07-09,30443.4,30269.2,30147.8,30042.0,162296.263,0,
2023-07-10,31040.0,30147.8,30396.9,29928.8,429115.537,0,
2023-07-11,30804.9,30396.9,30608.4,30261.4,298904.747,0,
2023-07-12,30980.5,30608.3,30368.9,30186.0,425058.257,0,
2023-07-13,31850.0,30368.9,31441.7,30233.0,696023.51,0,
2023-07-14,31640.0,31441.6,30293.3,29876.6,538692.246,0,
2023-07-15,30380.0,30293.3,30276.4,30220.2,111622.474,0,
2023-07-16,30441.6,30276.5,30216.8,30050.0,173805.94,0,
2023-07-17,30329.7,30216.9,30126.1,29630.0,344113.427,0,
2023-07-18,30227.5,30126.0,29845.6,29400.0,337396.417,0,
2023-07-19,30178.5,29845.7,29895.5,29745.0,298418.854,0,
2023-07-20,30420.0,29895.5,29791.0,29468.8,410263.764,0,
2023-07-21,30056.2,29791.0,29891.4,29705.9,221145.074,0,
2023-07-22,29986.0,29891.5,29783.5,29602.2,143375.956,0,
2023-07-23,30368.2,29783.5,30070.8,29718.9,224713.846,0,
2023-07-24,30091.7,30070.9,29163.8,28830.0,434182.417,0,
2023-07-25,29379.5,29163.8,29216.3,29033.0,196438.618,0,
2023-07-26,29670.5,29216.2,29336.0,29083.0,318527.582,0,
2023-07-27,29558.4,29336.0,29209.7,29065.5,223376.534,0,
2023-07-28,29535.7,29209.8,29299.9,29112.8,221299.867,0,
2023-07-29,29397.9,29300.0,29339.1,29237.5,87100.719,0,
2023-07-30,29442.5,29339.1,29271.1,29006.0,169901.253,0,
2023-07-31,29525.8,29271.2,29220.8,29100.0,230381.722,0,
2023-08-01,29735.0,29220.8,29701.2,28550.0,442328.643,0,
2023-08-02,30059.9,29701.2,29170.1,28906.3,491725.492,0,
2023-08-03,29440.0,29170.2,29180.2,28955.4,251967.942,0,
2023-08-04,29323.8,29180.1,29101.1,28780.0,229395.673,0,
2023-08-05,29145.0,29101.1,29057.7,28960.0,82508.624,0,
2023-08-06,29199.0,29057.7,29075.9,28978.5,103094.44,0,
2023-08-07,29274.5,29075.9,29202.7,28682.3,297752.439,0,
2023-08-08,30250.0,29202.7,29759.0,29132.4,459269.801,0,
2023-08-09,30149.7,29758.9,29572.8,29362.0,362009.701,0,
2023-08-10,29729.8,29572.9,29443.7,29303.7,234546.038,0,
2023-08-11,29565.1,29443.7,29415.5,29220.0,179044.008,0,
2023-08-12,29470.0,29415.5,29420.7,29360.0,56238.035,0,
2023-08-13,29463.0,29420.8,29293.3,29256.6,84190.505,0,
2023-08-14,29686.7,29293.3,29419.5,29070.0,295035.383,0,
2023-08-15,29492.1,29419.5,29188.8,29050.0,191289.959,0,
2023-08-16,29257.4,29188.9,28714.4,28705.1,272023.138,0,
2023-08-17,28775.9,28714.4,26609.7,24581.0,868508.22,-1,short
2023-08-18,26818.0,26609.7,26042.1,25600.0,522375.316,0,
2023-08-19,26269.4,26042.0,26088.3,25783.4,202219.153,0,
2023-08-20,26285.0,26088.4,26175.9,25948.5,141089.85,0,
2023-08-21,26280.0,26175.9,26115.4,25800.0,232505.265,0,
2023-08-22,26128.2,26115.4,26044.4,25280.0,313113.576,0,
2023-08-23,26806.0,26044.5,26419.2,25800.0,412969.028,0,
2023-08-24,26568.3,26419.2,26164.6,25835.0,286753.337,0,
2023-08-25,26300.0,26164.6,26051.7,25754.4,274830.494,0,
2023-08-26,26129.4,26051.7,26004.3,25969.0,63925.862,0,
2023-08-27,26173.6,26004.3,26087.7,25955.6,86505.398,0,
2023-08-28,26244.6,26087.6,26106.5,25850.4,219992.051,0,
2023-08-29,28168.0,26106.5,27700.1,25905.2,700233.946,0,
2023-08-30,27758.2,27700.1,27290.4,26950.0,315313.916,0,
2023-08-31,27674.3,27290.4,25928.0,25617.8,502906.277,0,
2023-09-01,26151.6,25928.0,25795.6,25312.0,361184.924,0,
2023-09-02,25975.0,25795.6,25855.8,25740.6,107642.864,0,
2023-09-03,26135.2,25855.8,25962.1,25777.0,133016.832,0,
2023-09-04,26099.3,25962.1,25814.0,25610.0,173147.873,0,
2023-09-05,25900.0,25814.0,25779.7,25531.2,186639.945,0,
2023-09-06,26052.0,25779.7,25747.4,25326.0,251122.66,0,
2023-09-07,26451.0,25747.4,26240.7,25602.3,257349.902,0,
2023-09-08,26437.5,26240.7,25899.8,25630.0,249269.761,0,
2023-09-09,25940.6,25899.9,25892.6,25781.5,67909.81,0,
2023-09-10,26037.3,25892.6,25828.4,25508.7,162972.413,0,
2023-09-11,25895.0,25828.4,25150.4,24888.0,427216.374,0,
2023-09-12,26580.0,25150.4,25825.8,25116.4,592049.678,0,
2023-09-13,26400.0,25825.8,26209.9,25750.0,335252.718,0,
2023-09-14,26880.0,26209.9,26510.3,26106.6,380666.471,0,
2023-09-15,26890.0,26510.3,26591.1,26206.6,251656.77,0,
2023-09-16,26763.5,26591.1,26546.9,26430.0,140482.465,0,
2023-09-17,26614.3,26547.0,26514.2,26377.4,114239.394,0,
2023-09-18,27397.0,26514.2,26749.9,26358.6,472539.032,0,
2023-09-19,27480.0,26749.9,27196.0,26653.2,433511.747,0,
2023-09-20,27381.0,27195.9,27107.7,26740.0,348921.447,0,
2023-09-21,27149.0,27107.7,26552.6,26360.1,317992.869,0,
2023-09-22,26737.7,26552.6,26566.7,26452.9,173534.648,0,
2023-09-23,26620.6,26566.7,26563.1,26492.2,57836.484,0,
2023-09-24,26739.9,26563.0,26232.4,26081.0,146632.773,0,
2023-09-25,26440.0,26232.4,26290.5,25965.0,268385.836,0,
2023-09-26,26388.0,26290.5,26208.8,26073.8,180491.169,0,
2023-09-27,26849.9,26208.7,26359.6,26050.0,353002.84,0,
2023-09-28,27308.7,26359.6,27011.8,26325.2,429587.858,0,
2023-09-29,27231.5,27011.7,26890.9,26625.0,277397.643,0,
2023-09-30,27085.0,26890.9,26950.9,26870.4,92317.154,0,
2023-10-01,28365.2,26951.0,27981.4,26939.0,240382.946,0,
2023-10-02,28613.0,27981.4,27477.6,27255.0,593277.72,0,
2023-10-03,27665.0,27477.7,27412.0,27123.0,283077.899,0,
2023-10-04,27830.0,27412.0,27759.8,27163.9,280784.322,0,
2023-10-05,28110.0,27759.7,27398.4,27333.5,370190.087,0,
2023-10-06,28450.0,27398.3,27916.3,27156.0,438445.904,0,
2023-10-07,28018.7,27916.3,27943.0,27822.1,117049.145,0,
2023-10-08,28082.0,27943.0,27901.2,27671.0,178380.307,0,
2023-10-09,27977.0,27901.2,27578.3,27250.0,314316.581,0,
2023-10-10,27727.3,27578.4,27381.2,27281.0,239779.496,0,
2023-10-11,27467.6,27381.3,26864.5,26525.0,388186.571,0,
2023-10-12,26939.0,26864.5,26744.0,26534.8,220279.04,0,
2023-10-13,27120.8,26744.0,26849.8,26670.1,243222.154,0,
2023-10-14,26986.4,26849.7,26836.3,26773.1,82164.781,0,
2023-10-15,27456.1,26836.4,27139.8,26790.4,160000.462,0,
2023-10-16,30720.0,27139.8,28486.3,27095.4,823003.782,0,
2023-10-17,28605.0,28486.3,28381.9,28055.0,314189.758,0,
2023-10-18,29100.0,28382.0,28307.1,28126.6,297176.628,0,
2023-10-19,28933.4,28307.2,28696.9,28076.0,333673.207,0,
2023-10-20,30243.0,28697.0,29653.0,28560.0,551005.327,0,
2023-10-21,30374.6,29653.0,29895.4,29443.5,258195.956,0,
2023-10-22,30229.7,29895.4,29981.5,29606.6,198602.758,0,
2023-10-23,35981.9,29981.4,33074.0,29869.4,987741.536,1,long
2023-10-24,35300.0,33074.0,33917.0,32833.5,921993.063,0,
2023-10-25,35154.3,33917.0,34487.7,33660.6,465367.144,0,
2023-10-26,34828.7,34487.8,34154.0,33750.0,339552.964,0,
2023-10-27,34253.3,34154.0,33893.1,33350.0,278052.978,0,
2023-10-28,34535.8,33893.2,34086.6,33867.4,138314.932,0,
2023-10-29,34773.8,34086.7,34528.6,33933.0,175897.55,0,
2023-10-30,34888.2,34528.6,34483.8,34050.0,281841.348,0,
2023-10-31,34744.7,34483.8,34651.4,34016.8,272450.567,0,
2023-11-01,35734.0,34651.4,35437.4,34076.0,469214.787,0,
2023-11-02,35999.9,35437.5,34940.1,34300.0,410221.727,0,
2023-11-03,34944.9,34940.1,34700.4,34123.0,306048.199,0,
2023-11-04,35270.0,34700.5,35069.7,34571.6,140746.874,0,
2023-11-05,35455.2,35069.7,35025.5,34356.0,231363.339,0,
2023-11-06,35299.9,35025.5,35057.4,34743.2,202227.215,0,
2023-11-07,35921.7,35057.5,35406.5,34520.3,343525.95,0,
2023-11-08,36150.0,35406.5,35626.7,35073.0,334779.449,0,
2023-11-09,38499.9,35626.7,36719.5,35304.0,778877.937,0,
2023-11-10,37570.0,36719.6,37330.4,36350.0,299373.892,0,
2023-11-11,37422.2,37330.3,37162.1,36588.0,159239.284,0,
2023-11-12,37258.4,37162.1,37085.5,36753.6,118890.045,0,
2023-11-13,37464.8,37085.6,36486.2,36350.0,257075.648,0,
2023-11-14,36779.9,36486.2,35559.0,34446.3,397265.8,0,
2023-11-15,38000.0,35559.1,37885.6,35388.0,423818.57,0,
2023-11-16,37956.5,37885.5,36176.0,35486.1,434444.366,0,
2023-11-17,37020.5,36176.0,36621.9,35868.3,319943.051,0,
2023-11-18,36900.0,36621.9,36580.9,36196.0,121720.922,0,
2023-11-19,37528.2,36580.9,37375.9,36380.0,154713.007,0,
2023-11-20,37784.7,37375.8,37462.5,36600.0,310504.037,0,
2023-11-21,37675.0,37462.6,35737.0,35720.0,450731.16,0,
2023-11-22,37880.0,35737.0,37413.4,35610.7,338189.618,0,
2023-11-23,37650.0,37413.5,37294.3,36856.3,185369.931,0,
2023-11-24,38425.0,37294.4,37706.3,37257.3,351031.723,0,
2023-11-25,37886.5,37706.3,37766.6,37570.9,82589.329,0,
2023-11-26,37807.6,37766.7,37437.9,37126.0,173758.644,0,
2023-11-27,37560.0,37437.9,37234.3,36700.0,266112.699,0,
2023-11-28,38395.0,37234.4,37812.1,36856.0,318426.327,0,
2023-11-29,38500.0,37812.0,37837.1,37551.8,261631.881,0,
2023-11-30,38132.0,37837.2,37716.8,37442.9,191188.871,0,
2023-12-01,38989.0,37716.9,38660.0,37600.0,342361.994,0,
2023-12-02,39900.0,38659.9,39435.0,38613.5,213210.311,0,
2023-12-03,40410.1,39435.1,39979.7,39255.2,221917.905,0,
2023-12-04,42440.0,39979.8,41993.1,39970.4,602492.859,0,
2023-12-05,44528.1,41993.1,44081.7,41393.5,575038.041,0,
2023-12-06,44349.8,44081.7,43774.8,43377.0,383957.738,0,
2023-12-07,44066.7,43775.1,43296.0,42815.0,346421.958,0,
2023-12-08,44779.3,43296.0,44209.5,43100.0,281880.593,0,
2023-12-09,44389.2,44209.6,43734.3,43555.0,189339.656,0,
2023-12-10,44099.2,43734.2,43810.0,43552.5,144548.259,0,
2023-12-11,43833.4,43810.1,41271.0,40228.3,620753.439,0,
2023-12-12,42125.0,41271.1,41515.0,40711.0,356541.118,0,
2023-12-13,43517.6,41514.9,42875.0,40556.0,396710.296,0,
2023-12-14,43450.1,42875.0,43032.4,41140.0,361628.325,0,
2023-12-15,43098.0,43032.3,41968.0,41668.0,257177.013,0,
2023-12-16,42756.7,41968.0,42287.4,41638.1,160549.459,0,
2023-12-17,42476.0,42287.4,41396.5,41248.3,224722.851,0,
2023-12-18,42795.3,41396.6,42671.7,40553.8,375385.675,0,
2023-12-19,43550.0,42671.8,42298.3,41835.4,315311.844,0,
2023-12-20,44384.6,42298.2,43708.9,42218.3,377008.923,0,
2023-12-21,44287.2,43708.9,43896.3,43317.2,276922.155,0,
2023-12-22,44484.0,43896.4,43999.2,43430.4,238341.933,0,
2023-12-23,44023.0,43999.2,43725.2,43304.2,120792.199,0,
2023-12-24,43994.8,43725.2,43008.4,42550.0,179967.251,0,
2023-12-25,43850.0,43008.4,43611.9,42755.4,184210.274,0,
2023-12-26,43635.1,43611.9,42538.5,41597.0,295583.678,0,
2023-12-27,43700.0,42538.6,43453.8,42145.7,251351.538,0,
2023-12-28,43850.0,43453.8,42600.1,42320.5,257515.182,0,
2023-12-29,43171.9,42600.1,42095.1,41283.2,337421.865,0,
2023-12-30,42654.6,42095.1,42174.2,41550.0,183890.67,0,
2023-12-31,42951.0,42174.3,42314.0,42001.0,173508.289,0,
2024-01-01,44266.0,42314.0,44230.2,42207.9,206424.144,0,
